angel	beautiful	ever	forgotten	kid	listened	love	mist	never	singing	still	voice
age	always	around	comforting	early	find	forgot	gentle	graduated	great	grew	grow	jesus	job	leave	like	little	love	loving	mr	never	people	pretension	reef	simple	smooth	song	sound	sweet	think	town	voice
everyday	listening	mum	played	reminds	song
appreciate	child	crybecause	death	every	fear	funeral	got	heard	jim	many	reef	reminded	rip	song	soul	still	time	touch	used	voice
back	change	dad	didnt	jim	listening	loved	reef	teenager	thing	time
also	childhood	come	feeling	jim	listened	love	music	nostalgic	put	reef	since	tune
able	aisle	apcjust	baby	back	came	cry	dianne	drivergunner	foreboding	girlfriend	hawaii	hear	herinducted	high	june	knowledge	laid	later	like	loved	make	married	marry	might	month	oldtook	rpg	school	senior	song	still	texasmy	usmc	walk	wedding	year
also	back	charity	colour	concert	death	dvd	interviewed	jim	june	length	norway	picked	rare	shop	week	year
content	follow	god	grew	heart	jim	lord	many	muslim	one	place	praise	reef	seen	song	sure	type	universal	well	word
grew	jim	lane	listening	memory	reef
cry	dance	every	favourite	grandfather	grandparent	hear	hearing	jukebox	love	make	one	pub	time	used	wonderful
childhood	fine	gentleman	jim	parent	played	player	record	tune
album	away	childhood	drift	happy	im	jim	listening	many	memory	old	reef	yr
back	early	england	fantastic	great	jim	john	listened	lot	memory	reef	singer	take	voice	wonderful
always	coming	heart	remember	young
back	brings	father	favorite	great	jim	kid	listening	lp	memory	played	player	record	reef	voice
born	everyone	great	loved	missed	number	one	singer	song	well	year
hear	many	memory
day	good	old	remembering
brings	child	comfort	listening	lot	loved	lovedplayed	music	parent
back	bring	candy	childhood	fond	jim	listening	memory	miss	mom	momma	oldie	overthese	remember
dad	known	miss	much	reminds	would
away	beautiful	dad	dance	get	goosebumpsthis	littlemy	mom	mommy	passed	play	reminds	time	used
beautiful	child	furniture	gramaphone	grandparent	great	house	jims	listening	made	piece	played	remember	replicated	rose	small	somehow	song	sound	suited	today	tone	vacuum	valve	voice	well	wood
away	boyi	dad	everytime	favorite	god	hear	hum	late	miss	mom	played	radio	remember	song	still	time	way	young
almost	back	brings	country	crash	death	favorite	forever	great	im	jim	live	memory	music	one	plane	reef	shattered	singer	song	untimely	world
always	army	came	childhood	home	jim	join	left	make	miss	mum	one	outshe	piece	play	played	player	record	reef	reminds	sure	till	told	wore	would
amazing	country	get	love	loved	mum	never	one	peter	remind	served	song	still	thinking
ago	back	boy	brings	dad	drink	ever	house	jim	live	long	memory	party	reef	sing	song	time	would	year
always	captured	childhoodmy	died	everyone	favourite	happy	hr	jim	last	memoriesthank	memory	much	mum	reliving	sadly	share	shes	spent	thank
away	came	correctly	crash	died	disc	jockey	mr	news	old	passed	plane	reef	remember	said	song	wire	year
australia	away	beautiful	blue	caught	child	dad	heard	hearing	husband	sing	song	started	straight	sung	western	whilst	word	year
asked	beautiful	father	going	gone	law	loved	loving	mary	miss	mother	much	name	people	song	war	world
always	day	gentleman	jim	love	loved	mary	name	remember	well	young
give	great	kid	listening	loved	much	music	soon	taken	voice
ago	awesome	bless	distant	drum	god	inverness	jim	jims	listened	love	many	since	singer	song	teen	year
always	genesis	punk	reminds	rock	song
back	brings	cafe	great	little	memory	mom	played	time
always	away	back	brings	cry	favorite	frequently	good	grandmother	hearing	listened	make	many	memory	music	passed	quite	september	since	singer	thinking	want
happy	parent	reminds	time
andor	back	big	breakfast	bring	could	dad	dean	early	every	fix	go	gosh	hank	jim	jimmy	jones	late	memory	morning	nearly	one	pancake	put	reef	sausage	sunday	williams	wish	would
always	cash	granddad	jim	johnny	liked	listening	reef	reminds
arranged	beautifully	enough	era	great	kind	know	knowing	labor	live	love	lucky	make	music	musicthe	never	produced	real	record	remember	sad	see	smile	well	written
back	beautiful	childhoodloved	take	track
around	awesome	back	cheer	face	good	grin	lane	live	long	many	memory	much	music	song	thank	time	trip	wonderful
back	classic	day	hanging	miss	much	still	theresure	throw
always	babe	back	beautiful	brings	god	husband	joke	love	loveits	memory	month	passed	rip	since	sing	use	yr
always	brilliant	last	remind	school	song	wen	year
back	fell	gosh	love	loved	memory	oh	still	sweet	tune	youth
az	back	classic	gold	graffiti	great	jack	koolfm	listening	memory	phoenix	posting	remember	show	song	thanks	weekend	wolfman
beautiful	day	first	great	heard	remember	song	thought	time
back	best	brings	lady	memory	north	oahu	shore	special	sunset	watching
attention	broke	choose	competing	growing	guy	heart	lady	reconnected	remember	song	turned	year	young
back	bawled	beatles	broke	came	checking	elvisloved	eye	gatealways	get	good	guardhouse	like	listening	lump	people	play	radio	sight	song	still	throat	together	wife	work	young	youtube
elvis	everytime	funeral	grandma	head	listen	loved	many	memory	music	played	really	song
life	love	reminds	song
everything	great	hear	imagine	life	live	love	lyric	music	reminds	side	song
beautiful	broke	ever	heart	later	loving	regret	relationship	reminds	ruined	song	transparent	woman	wonderful	year
along	amazing	blessed	curled	dad	deep	father	give	glad	lap	life	love	loved	mary	miss	much	mum	receive	remember	sat	shared	showing	singing	song	still	sung	thank	together	voice	welsh
day	great	happy	memory	reminded	song	usa	youthful
baritoneheard	could	everytime	golden	growing	hear	make	nostalgic	swoon	upand
adult	announcement	around	aunt	came	died	elvis	family	go	kitchen	old	remember	shock	shocked	standing	tv	watching	year
child	miss	mum	reminds	rip	sing	song	sweet	used
brings	eye	many	memory	song	tear
alive	bought	came	favorite	memory	mom	motown	record	song	sound	still	well	yo
back	brings	came	good	memory	song	time
black	college	fantastic	first	group	guy	heard	probably	radio	soul	steve	teen	thought	time	winwood
fantastic	good	rock	time	year
boot	fantastic	first	heard	mono	radio	stereo	steve	winwood	year
back	brings	memory	sure	thats
francisco	great	san	song	time	way
died	laura	love	miss	much	name	wife
clearly	dancing	im	mama	remember	song
always	dad	everyday	heart	laura	longer	mum	name	remains	sing	song
depressing	early	ever	heard	id	kid	mum	remember	song	tape	thing	thinking
always	back	banger	car	great	lorry	meeting	played	race	racing	time	used	way
always	away	cd	grandad	im	learned	listens	lost	love	miss	passed	sadly	word
back	como	italia	laura	memory	thank	turn
beautiful	lovely	made	remember	thank	video	work
always	bring	changed	daughter	dont	even	eye	growing	hear	im	know	late	later	leoni	life	mum	name	obviously	one	play	radio	remember	shes	sing	stuck	tear	teen	thats	toddler	tune	used	would
dad	favourite	last	lost	one	reminds	singer	song	year
absolutely	artist	come	favorite	grandfather	great	jim	love	memory	music	reef	thank
beautiful	dear	distant	drum	first	jim	maybe	memory	music	reef	unforgettable	voice
banned	bonnie	lie	lol	ocean	personally	radio	sad	sadder	school	sing	think	used
big	chart	hit	memorable	one	teenager	wander	week
back	brings	good	lol	memory
ask	best	bullshit	called	contact	courage	early	ever	facebook	first	flowing	found	friend	girl	got	happily	joking	kid	later	laura	living	long	love	married	message	met	never	old	part	plucked	separate	time	true	way	went	year	young
blackstone	crossroad	laura	lived	remember	wonder
beautiful	child	dad	love	much	oh	reminds	sing	song	use	voice
forgeti	gon	jim	love	memoriesis	memory	music	na	never	sad
along	grandad	grandparent	hearing	jim	loved	music	nan	reef	remember	reminds	rip	singing	song	young
back	different	experienced	head	lot	shoulder	thing	wish	would	younger
back	bring	love	memory	song	yesterday
caretaker	embarrassing	everyday	find	life	men	need	old	sang	school	sing	sweet	tommy	usually	would
ago	also	choice	completely	composure	couldnt	favorite	funeral	grandad	guess	hit	home	id	incheck	kept	lost	make	mary	melancholy	named	nan	one	peaceful	perfect	played	quite	really	relatively	service	song	soon	started	thinking	throughout	uplifting	utterly	year
ago	chronic	constant	danced	dancing	engaged	got	husband	jim	like	listen	live	love	mining	much	one	pain	passed	reevesi	reminds	sing	song	worked	world	year
age	alive	back	brought	father	feeling	kid	listening	living	lot	man	mum	old	parent	played	prime	teen	younger
alive	back	good	lord	take	time
acknowledge	ago	also	anita	anna	back	damn	depending	gf	grocery	hadnt	hooked	house	id	know	last	like	live	maciaswho	might	moment	mother	name	oct	old	ran	rd	reconnected	remember	see	store	think	tv	watched	whether	year
around	elvis	king	late	let	mother	old	stay	talk	true	watch	year
believe	day	hard	less	passed	year
always	bedroom	day	deep	elvis	etc	ever	forget	good	look	oldie	poster	remember	singer	surpass	tuning	video	voiceand	wall	wonderful	younger
booth	bought	changed	chemist	listening	local	oh	remember	time
back	brings	happy	heard	memory	schoolboy
back	band	called	day	decca	fun	get	golden	good	got	great	heard	hello	included	june	know	list	lost	made	might	miming	music	net	old	play	played	president	radio	recording	reflection	released	rock	romance	singing	take	together	trend	video	year
great	time	wasnt
back	become	big	called	channel	dance	even	going	great	group	hear	home	hurry	kingson	life	local	never	one	played	pm	remember	school	sing	star	teen	teenage	think	time	tv	used	went	would
ago	back	brings	dad	died	ever	good	greatest	itll	listening	lovely	memoriesget	mum	rip	start	today	voice	year
angel	blue	christmas	every	favorite	gram	happy	lp	orbison	play	roy	stereo	time	used
aunt	back	brings	cousin	cute	dum	everywhere	favorite	go	haha	little	lonely	lot	memory	orbison	play	roy	singing	song	used	yeh
concert	got	mom	old	picture	took	visited	ya
awesome	bro	brother	cat	died	greatest	hear	memory	music	roy	stevens	thats	think	though	tiein	whenever
always	bless	dad	god	reminds
best	day	live	memory	one	rubbish	song	time
beautiful	nostalgia
fantastic	grandparent	listening	memory
girl	listened	little	lot	loved	song	thanks
album	boyfriendsuch	first	loosing	voice	wore
ago	asked	couldnt	decade	developed	different	donehe	impossible	interview	learned	like	never	nobody	person	probably	remember	roy	said	sang	someone	something	stylefrom	tell	told	would	young
able	appreciation	away	came	could	drop	enough	every	father	front	growing	hear	heard	lucky	mum	music	november	passed	pin	play	row	roy	said	sang	seat	see	since	thank	time	uk	unfortunatley	week	went
able	back	done	fantastic	great	hear	like	live	lot	many	past	quality	revisit	singer	song	superb	thanks	took	treasure	video	well	year	youtube
able	also	anyone	artist	chart	country	crossed	grows	happened	impeccable	love	music	never	old	perfection	pop	pure	record	remember	shot	song	sung	technically	unforgettable	well
ago	back	country	love	many	music	oldie	take	year
day	granny	love	music	old	party	reminds
anything	great	kid	lou	loved	nc	never	raleigh	song	thought	top
always	bursting	country	day	dont	favorite	gave	girl	grandmoms	happy	heart	hello	home	honey	house	little	love	music	one	playing	remember	said	song	take	time	wall
country	first	girl	hearing	little	remember	song
day	end	good	never	old	thought	yes
country	favorite	great	help	kid	love	one	please	sing	song	soulful	sweet
ago	holiday	parentslovely	reminds	time	year
apply	back	brings	lot	memory	navy	song	still	today	word
child	remember	song	thank
grew	hall	like	loved	party	rock	roll	song	still	teenager	town	tv
grand	growing	listening	music	ole	opry	remember
entertainment	forward	late	least	lip	live	look	singing	started	weekend
remembering	young
girlfriend	great	jukebox	radio	remember	thank	time	wow
love	remember	song	young
back	brings	great	memory	song
away	back	day	oh	ya	yes	young
good	mama	memory	sing	song	used
asked	barbadosi	barmaid	bought	coffeebar	daywith	dec	disc	first	hank	heard	labelby	lp	middleeurope	name	next	paper	pickwickin	posting	rare	remember	singinthis	songthe	store	timein	unknownthanks	wrote
ago	brought	country	kind	long	music	time
beautiful	ever	great	hank	locklin	loved	memory	since	thank
chair	clacki	clipy	daddy	go	love	old	rocking	sing	sleep	song	use	would
day	getting	hear	heard	id	im	muchfirst	song	thank	time	unbelievable	yokel	younger
country	fed	figure	force	go	kid	love	music	old	remember
back	take	year
dad	mom	omg	reminds
day	eye	give	gold	grew	love	old	recall	song	tear
child	country	hood	music	really	remind	week	year	yes
admit	back	brings	come	eye	know	love	make	memory	song	water
calling	child	country	find	grandparent	hate	hillbilly	like	love	music	parent	played	reason	rock	singing	song	time	whatever	wish
artist	black	great	miss	much	night	saturday	seeing	sharing	sure	thank	tv	white
around	dad	delivered	head	lovely	message	minute	music	play	record	remember	ring	singer	song	still	thumb	unbelievable	used	voice	well
beautiful	bed	child	dad	dancing	even	feel	imagine	miss	place	sick	sing	still	would
back	brings	dad	dancing	dont	great	like	lt	many	memory	mom	music	play	remember	sad	song	story	today
dancing	love	mother	parent	passed	posting	remember	song	thank	watching	wedding
childhood	day	reminiscing
ago	august	away	great	learned	memory	memorymy	mom	passed	roller	skate	song	th	thank	year
childhood	lovely	memory
dad	day	everyday	family	good	happiness	love	memory	music	song	teen
agomiss	always	dad	dadmarried	much	mum	passed	reminds	year	yearsmy
back	dad	day	drink	family	friend	get	great	loved	mum	reminds	song	time	togethers	would
dance	definitely	reminds	school
ago	always	beautiful	club	engelbert	last	listening	night	remind	song	waltz	yr
always	back	brings	childhood	good	grandma	grandpa	kind	love	make	memory	miss	ol	song
dad	happy	loved	memory	mum	music	playing	radiogram	record
back	bad	beautiful	brings	good	lot	love	memory	song	still
childhood	dance	end	forever	great	last	lingers	listen	mind	must	nice	song	still	waltz
grandparent	listen	lyricsits	much	old	play	reminds	seven	song	strange	understand	used	year
dancing	grandparent	hope	memory	still	sweet	wherever
charge	church	got	liked	much	person	play	played	remember	song	weddingi	went
around	aunt	dance	end	floor	im	late	man	mid	old	older	reception	reminds	song	twirling	uncle	wedding
back	bring	childhood	engelbert	humperdinck	love	memory	song	thank
back	beautiful	dance	gramophone	griffith	instruction	memory	mr	played	primary	school	shouting	song	student	taking	teacher	waltz	would
already	always	best	cant	dad	dadbecause	dance	danced	daughter	even	first	gonebut	hand	handshug	happened	he	hearti	high	hold	juniorsenior	last	lend	love	memory	miss	much	nightthat	papa	played	promi	remained	remember	saying	school	song	thing	tightsaying
boyfriend	memory	sentimentalyahooo	sgood	song	theme
always	bus	day	fairground	girli	go	happiest	innocence	largs	life	little	loved	mum	pal	playing	remind	song	trip	used	waltzershappy	went
beautiful	great	late	memory	song
exgirlfriend	reminds	song
dayslove	good	old	remembering	song
always	back	bedroomlife	kitchen	mother	playing	radiothat	sun	sunsetbelow	sweet	take
day	friend	old	remember
british	club	day	happy	legion	loved	people	reminds	song	tranent
anniversary	beautiful	danced	diamond	forever	last	memory	parent	song	th	wedding	weekendbeautiful
danced	exact	good	memory	record
ago	dad	died	hear	miss	much	play	reminds	song	used	year
beautiful	nostalgic	song
always	back	beautiful	brings	daughter	died	happy	mant	memoriesbefore	miss	song	wonderful
back	brings	ever	marvelous	memory	song	tastefully	young
amazingyou	era	fell	grow	listening	love	lucky	memory	music	musicthanks	wonderful
anymore	blast	dont	house	like	little	make	past	playing	remember	song
far	favorite	old	year
april	dancing	feb	jensen	june	living	mom	remembering	room	song
always	anyonei	dad	remembered	sing	song
also	blasting	child	elvis	frank	full	gospel	grandma	grew	house	jones	love	mother	music	passion	presley	sinatra	time	tom
ago	another	dad	find	girlfriend	guy	kid	left	longtime	one	sad	song
funnyi	girl	kid	old	remember	singing	song	thought	young	yr
everytime	granddad	love	phenomenal	reminds	voice
every	mother	played	remember	song	sunday	wonderful
always	kid	like	really	reminding	song
always	anytime	careful	daddy	favorite	hear	miss	music	remember	song
engelbert	glad	grew	high	im	loved	music	real	released	school	song
coming	daddy	father	hang	home	im	love	much	next	omg	philippine	reminds	song	year
child	grandfather	grandpa	heard	heaven	reminds	song
feel	greati	itit	listened	love	make	missed	never	people	place	rewind	something	tried	wish
flashback	gone	july	memory	remains	uncle
always	bottom	cause	creator	every	everything	father	granddaughter	happy	heart	know	law	miss	music	papa	remember	right	thanks	time	youre
every	many	memory	song
album	childhood	engelbert	humperdinck	list	play
back	brings	closing	day	eye	forever	help	lost	memory	nothing	play	relive	remove	song	yesterday
childhood	like	miss	pop	someone	song
beautiful	memory	one	self	song	stir	written
back	better	day	fantastic	go	heart	make	person	place	radio	relive	song	sound	special	time	way
back	bring	lonely	memory	partner	please	sin	someone	sweet	voice
back	love	songmemories	take
amazing	back	blast	buried	come	deep	growing	havent	heard	like	memory	mid	mind	past	power	real	seventy	something	song	suddenly	surface	take	time	transport	wow	year
amazing	back	child	damn	every	everything	feel	felt	gave	good	happy	like	make	memory	ok	parent	remember	reminding	secure	sharing	song	thanks	world	wow	yet	young
childhood	right	thats
age	fantastic	lane	memory	never	omg	replaced	take	talk	trip
almost	childhood	happy	lovely	memory	posting	song	teary	thanks	vivid
back	band	catchy	favorite	great	magic	right	take	think	though	track	tune
agogood	brother	childhoodlong	long	memory	remember	sistersthanks	time	uploading
back	classic	day	dont	like	make	nowadays	pilot	song	take	thanks	younger
back	dream	gone	great	happier	look	miss	moment	time
back	bringing	comparison	day	feel	fore	kid	knew	look	mattered	modern	music	musical	never	nostalgic	offering	pale	real	realize	thank	time	today	youtube
closing	day	evokes	front	future	life	memory	old	spend	time	twenty	wishing	wonderful	year
im	mids	suddenly	teenager
afterwards	attendance	attractive	away	called	dairy	disco	drive	driver	enjoyed	equipment	especially	fork	great	help	john	lady	lift	london	lot	lovely	memory	mobile	old	one	pack	party	ran	set	sloop	song	stay	take	truck	turn	used	various	west	worked	year	young
ever	first	many	memory	record	thanks
child	drop	emotional	make	middle	pilot	simpler	song	time
back	could	day	go	wish
back	brought	glad	memory	pleasure	southam	thanks
back	birthday	brings	buying	first	many	memory	record	remember	sister
ago	love	remember	song	still	thanks	uploading	year	young
beautiful	brings	childhood	memory	part	pilot	song	thanks
childhood	love	reminds	tune
always	aunt	ever	grace	great	hear	remind	song
amazing	anthony	beautiful	clich	concerned	full	memory	song	time	walsh
also	back	cant	caught	day	different	dont	early	even	eye	get	girl	im	incurable	issue	know	later	look	loved	month	motown	platform	play	realize	reminds	rock	romantic	think	though	undergraduate	vividly	woman	young
ago	another	anyone	cheated	dad	dated	else	ever	let	love	man	married	marry	mary	melove	mother	name	naver	old	passed	song	thornwell	waitmy	year
captivating	could	dad	god	hi	holgmany	house	karaoke	like	mid	mum	new	party	remember	rest	sang	song	soul	used	wish	year
aged	around	australia	belfast	child	died	drinking	incurable	left	missed	mother	murray	romantic	ruby	sadly	sing	smoking	soon	sydney	time	used	victim	world
ago	bless	brother	heartthrob	innocent	life	much	older	ruby	simpler	year
another	awake	barrack	bond	favorite	fellow	heard	listen	night	one	played	room	said	stay	sunday	ted	tooting	top	used	version
agotime	dad	day	fast	go	gram	great	magical	master	moment	mum	old	putting	radio	remember	voice	yr
died	favorite	mum	song
aussie	back	brings	fan	great	keen	mad	memory	old	sure	wow	year
like	listen	looked	loved	mom	sing	sounded	young
along	back	basco	bascos	beginning	brother	fellow	ginnie	ginny	going	grade	graduated	happy	havu	knew	like	maddox	much	name	nickname	older	sang	skip	skipmy	skipper	song	spelt	still	student	teenage	th	together	virginia	walter	year	young
beautiful	brewer	cleaning	dont	growing	hearing	house	like	mom	really	remember	shes	sing	song	sounded	teresa	use	voice	would
father	love	page	patti	reminds
boughtim	day	first	good	old	reach	record	remember	still
last	like	made	many	playing	song	still	today	youth
big	brewer	fan	father	great	kinda	lady	loved	much	named	partial	sharing	song	teresa	thanks	voice
amazing	billy	darling	great	hear	heaven	jillian	least	log	place	playing	singer	still	thank	voice	week	whole	wide	wish	wonderful	world	youtube
billy	eckstine	feel	full	hearing	melancholy	memory	nostalgic	sing	song	voice	warm
billy	cardiff	concert	eckstine	love	met	see	sixty	still	together	uk	wale	went	wife	year
gem	made	posting	sharememories	superb	thank
back	take	teen	year
alive	beach	best	bet	billy	boy	early	eckstein	golden	great	hed	island	lido	live	long	parent	room	see	sound	sounded	standing	still	took	tour	voice	young
back	bye	club	day	good	impersonate	kyrill	morgan	mr	old	trinant	use
back	family	lovely	nostalgic	sing	singer	song	take	used
along	boone	came	clearly	danial	door	ed	first	green	hear	hilarious	oddly	radio	remember	voice
ames	boone	born	character	connect	dad	daniel	didnt	ed	later	mingo	much	niece	playing	quite	remember	series	sing	song	well	would
around	born	dance	daughter	dont	first	hold	house	know	memory	month	precious	sing	song	stumbled	sweet	used	wonderful
almost	ames	carson	ed	hilarious	johnny	lost	manhood	remember	show
always	generation	grandparent	head	loved	passed	play	since	song	stuck	would
beautiful	born	child	clever	grandfather	lyric	sang	voice
actually	baby	chorus	dad	daughter	ever	first	haha	heard	ive	sharing	sing	song	step	thank	time	used	video	whole
born	first	literally	memory	one	song
back	beautiful	brain	come	day	embedded	fifty	filtered	flooding	granddaughter	grandson	ive	later	little	nine	old	part	since	song	subconscious	three	wonderful	year	yes
adore	baby	back	beloved	brings	daddy	father	heaven	high	kiss	listen	listens	remember	song	still	thousand	time	used	year
beautiful	happier	reminder	safer	sincere	time
computer	ever	experience	great	one	play	sit	song	time	today	well
back	could	covey	emotion	female	fifty	lyric	singer	sixty	sweet	today	voice	wish
beautiful	born	entirety	hear	lullaby	mum	sang	song	wonderful
dad	day	every	miss	much	mum	reminds
another	army	bittersweet	exact	first	home	join	left	memory	morning	oldit	playing	radio	really	record	story	thats	time	turned	year
always	away	boy	came	child	ever	fortunately	going	goodbye	havent	heard	jimmy	kid	later	married	named	never	older	passed	raised	sang	say	sharing	since	sister	song	started	steady	thanks	two
age	back	brother	cry	died	heart	jimmy	name	never	stopped	want
always	billy	boy	brother	far	felt	got	happier	heard	id	jimmy	little	long	lullaby	mother	much	nickname	nicknamed	one	sad	sadnonetheless	sang	sharing	since	song	thanks	tyke	upbeat
beautiful	brought	danced	eye	girl	god	hurt	listening	many	million	miss	song	tear	terribly	thanks	thinking	tune	uploading	year
ago	bless	dry	fifty	going	hand	heard	look	mangle	mum	old	putting	see	seven	shes	since	still	strong	washing	year
child	cry	funny	made	played	sister	thought
cry	girljust	little	older	play	see	sister	song	used
could	friend	good	july	left	miss	see	still	wish	year
badly	could	died	even	get	gone	jimmy	life	may	miss	see	still	though	try	well	wish	year
appeared	enjoy	lovely	much	posting	song	thank	wanting
day	lovely	reminds	usa
beautiful	miss	remember	show	tv	voice	watch
dickie	good	lovely	memory	remembered	singer	still	valentine
good	great	listening	nostalgia	singer	song	time
asset	consider	corn	crooner	dickie	earned	entertainer	favorite	good	great	guy	like	lovely	make	microphone	missed	music	near	period	rip	sadly	silk	singer	today	voice	word	writer	writing
germany	happy	memory	munster	rtr
absolutely	beautiful	ernie	feel	ford	forgotten	hear	lovely	make	never	past	song	voice	whenever
brilliant	brings	memory
beautiful	crazy	great	like	mother	play	post	reminds	song	thanks	used
afn	army	every	germany	great	hdqrs	hit	luxembourg	night	played	radio	seventh	stuttgart	uk
back	brings	happy	memory	younger
always	believe	cant	cry	dad	goneand	im	life	long	loved	man	mom	oh	posting	sang	singing	thanks	write
always	back	broken	copy	favorite	fifty	found	got	mine	pleased	put	song	thanks	way	youtube
age	day	high	reminds	school	song	wonderful
dad	every	miss	morning	parent	played	saturday	song
beautiful	every	hear	kind	listen	miss	mom	morning	much	song	sunday	used
great	old	song	youth	yr
back	bring	could	dont	know	missing	must	people	sing	wish
clasmate	danilo	first	heard	old	song	year
back	brenda	dear	early	emotion	hearing	id	late	like	old	record	thank	time	turn	voice	wonderful	year
boat	bye	decade	first	heard	hold	missed	numerous	still	strong	time	way
could	day	listen	lovely	many	meaningful	old	performing	see	song	time	turnback	wish
beautiful	end	nostalgia	song	world
brenda	lee	old	pretty	remember	voice	well	year
back	beautifully	bring	classical	hauntingly	song
back	beautiful	every	hearing	melody	sends	time	tune
booming	first	foley	gal	introduction	old	red	remember	sure	tv	voice	year	young
fly	oh	time	wow
anything	back	backwards	childhood	currently	enriched	era	exchange	fact	forward	garbage	go	going	issue	kid	life	matter	music	played	previous	teen	terrific	tune	wise	would
back	high	sad	school	senior	song
explosion	happening	music
brenda	davis	didnt	exposed	grew	know	listening	skeeter	song	soul	version
brenda	childhood	crush	first	lee	lol	older	two	year
back	big	bless	chart	found	god	later	old	played	sad	sister	song	take	time	whystill	year
artistgreetings	brilliant	everlasting	great	ireland	music	youth
davis	first	hard	heard	remember	skeerter	time
broke	left	played	radio	sixty	song
day	end	every	guess	human	knowing	listen	literally	little	lot	meantnot	nostalgiai	reason	someone	song	suppose	toddler	used	world
away	beautiful	cancer	early	growing	lord	loved	miss	much	passed	reminds	sister	took	young
beautiful	great	many	memory	much	song	thank	video
back	bring	like	listening	memory	miss	music	radio	thankful	wonderful	youtube
ago	apart	back	clock	could	drifted	gail	listening	love	miss	much	still	turn	year
film	grow	hit	knowing	make	never	passed	sad	star
asking	better	bringing	childhood	listening	lived	memory	radio	really	seirus	station	still	world
back	childhood	listening	november	really	remembering	song	take
another	dont	dream	kind	know	magical	mesmerizes	nostalgia	song	soul	spell	take	word
fav	late	lonely	love	memory	reminds	sister	song	used
dad	remember	singing
cry	make	youth
adore	nostalgic	song
accident	also	avery	bad	basketball	big	brenda	champ	dear	devistating	died	ever	every	friend	girl	good	got	graduation	grandfather	great	high	junior	kennedy	lost	never	night	part	president	school	second	senior	shoot	since	singer	small	song	state	well	year
absorbed	every	knew	may	sang	sleep	understood	word
enough	liked	meaning	music	old	song	thank	understand	young
across	always	back	best	cement	childwhen	hardenedso	heard	ive	long	reallytakes	since	song	songthe	stumbled	thisgreat	version	wet	world
back	barber	came	cant	cent	dad	go	haircut	home	like	lunch	morning	paid	plus	saturday	shop	sitting	snowy	sound	tip	waiting	went	winter
dedicated	first	heard	love	music	tara	young
lovely	nostalgia	picture	sad	sweet
back	come	omgearly	please
back	car	grandfather	he	heaven	music	play	reminds	still	way	would
memory	much	year
always	brother	elder	fantastic	listen	old	play	popular	song	year
angstchilds	challenge	day	good	life	old	play	real	teenage
age	dad	day	died	every	loved	miss	mum	old	parent	song	witch	year
old	remember	song	year
always	back	cruise	dad	dance	everything	generation	go	head	hear	living	love	mom	passed	reminds	song
afterlove	away	first	gradei	hope	kind	life	love	maggie	man	moved	oh	shortly	song	th
back	best	brings	came	car	good	hear	im	like	love	memory	old	oldie	others	song	station	would	year
back	bring	time
body	bouncer	childhood	dance	didnt	dont	drug	favourite	girl	great	hear	high	know	longgone	love	missing	money	music	mutilate	night	park	party	piercings	police	refreshing	respected	rock	school	song	spend	summer	tattoo	tenderness	today	wonderful	youth
anybody	back	came	day	feel	got	never	ooh	pain	reminded	school	sweet
away	best	boyfriend	first	friend	kept	playing	reminds	shame	song	stole
beautiful	childhood	song	woman
boarding	came	child	choice	come	day	dont	due	felt	grandchild	hear	heard	hoping	like	looking	mind	money	mother	never	old	school	sharing	song	still	thirteen	visit	window	year
back	bring	day	go	good	never	old	song	sure
back	brings	dumped	emotion	first	full	girlfriend	loss	song
childhood	first	hit	remember	top
evokes	happy	many	memory	thanks
memory	miss	old	yes
age	ageless	already	appreciate	artist	beautiful	connie	francis	great	knew	love	many	others	parent	sing	song	taught	used
ago	boy	high	long	remember	school	young
beautiful	changed	every	glad	gorgeous	handsome	history	human	humanity	knew	men	movie	music	must	people	pity	say	time	well	wise	woman	word	worse	youngster
away	best	heart	lonely	love	medicine	oldie	one	parent	passed	remember	song
marvelous	moment	much	nice	remember	thank
back	brings	happened	memory	music	voicethis	wowwhat
betterand	bless	brenda	child	day	god	great	happy	lee	life	make	marvelous	may	memory	singer	thanks
best	favorite	feel	love	make	million	old	song	thanks	today	young
beautiful	heart	nostalgic	sound	voice
believe	came	cant	forgive	heard	instantly	loved	missed	never	radio	song	today	year
missed	young
ate	back	brings	memory	miss
ago	always	boymy	come	father	find	herel	itnow	little	memory	really	song	year
beautiful	even	marvelous	moment	remember	song	thanks
dear	good	great	like	listen	passed	remembering	sironaca	song	thanks	time
forgot	memory	thats
cared	listen	singer	teenager
back	bringing	day	happy	memoriesthey	wonderful
always	heard	love	loved	mean	much	older	song	still	year	young
ago	along	friend	going	korea	lyric	memorize	old	popular	sing	singing	song	speaker	town	year
alabama	allowance	anything	brenda	buy	case	cent	couldnt	earnings	earplug	else	every	everyday	fair	got	greater	gulf	japanese	lee	little	love	meet	minute	mobile	night	old	one	performance	performed	played	radio	record	single	sleep	song	state	stayed	think	transistor	went	year
date	day	doze	early	get	hope	listening	lovely	really	right	school	snow	snowy	song	south	upper	used	winter
back	bring	music	nice	simpler	time	tunecatchy
awesome	back	brings	memory
around	contest	danced	dancer	day	early	love	old	part	party	philippine	really	reminds	romantic	sister	song	think	time	year
childhood	memory	passed	stay	year
always	everyone	love	made	memory
benson	childhood	great	reason	reminds	robbie	song	tune
back	brought	day	great	sears	song	thanks	wow
miss	oh	simple	time
backlash	could	day	good	like	old	peer	social	song	worry
age	dad	didnt	english	even	first	know	learned	like	oh	old	play	remember	song	though	used	year
early	flood	germany	memory	mind	stationed	usaf	wow
brought	child	commercial	memory	remember	song	sweet	tv
ex	love	reminds	ride	sunday
back	brings	childhood	great	memory	song
although	cupcake	day	didnt	film	hear	hot	like	long	love	mellowed	nostalgia	really	reminds	saw	song	soundtrack	summer	teenager	time	used	wanted
another	classic	memory
agosears	back	brought	like	memory	really	remember	song	well	word	year	yesterday
day	evokes	gone	make	memory	old	song	timeless	yearn
allsome	back	come	day	distant	gone	hearing	hope	however	karen	life	long	lost	loved	memory	miss	music	never	new	one	past	remember	song	think	totally	year
ago	another	chinese	day	deeply	english	first	forget	heard	listening	memory	music	nearly	never	one	remember	say	small	song	still	teenager	time	town	twenty	two	year
backyard	childhood	great	kind	memory	miss	mom	music	outside	patio	playing	radio	sitting	softly	station	sun	wonder	year	young
back	band	good	great	like	round	someone	sound	time	wish
awesome	cant	go	great	kid	knock	loved	time
every	father	heard	memory	morning	mother	song	sung	woke	young
album	back	brings	friend	listening	precious	teen	year
great	kid	little	make	remember	song	still	time
brings	oldie	past	tear	time
great	group	hold	loved	memory	music	still	wonderful
aunt	dance	house	livingroom	miss	play	really	record	song	stereo	would
came	good	incredible	memory	wow
certainly	dance	find	hard	heart	love	make	many	memorable	one	record	smile	stand	track	year
back	lady	reminds	song	special	take	way
back	brings	definitely	great	memory
fell	first	grade	graduation	high	john	jr	love	loved	real	school	song	summer	th	wannamaker	year
australia	brings	camping	cassette	deck	fishing	get	glimpse	life	lonely	love	memory	music	north	nostalgia	old	older	pass	past	playing	quickly	remote	sometimes	though	twin	western	year
back	conversation	dance	day	drink	fantastic	hold	intro	loved	miss	mobile	people	phone	really	right	seen	song	summer	take
college	dream	got	graduated	great	ibm	job	memory
marvellous	memory	miracle	music
chester	childhood	heart	love	pa	reminds	song	sweet
back	box	bring	cd	damn	danced	day	every	good	kid	like	listened	room	song	time	used	world	worry
day	get	hearing	homesick	miss	oldie
angel	brings	comparing	girl	good	idea	like	listened	long	loved	many	memory	merry	much	nice	one	perhaps	really	song	time	year	yester
beautiful	disc	dont	every	get	got	home	many	old	penny	played	player	record	remember	rpm	save	song	time	year
back	good	many	year
beautiful	listening	many	memory	song
dad	driving	first	good	grade	im	man	memory	music	old	playing	remember	riding	school	son	way
back	beach	brings	car	day	fell	felt	good	grandma	heard	listening	love	memory	old	remember	song	summer	sunny	thats	year
aged	belt	best	disco	ever	funfair	holiday	love	minehead	nearly	one	record	reminds	safety	spinning	summer	thrown	waltzer
artist	back	brings	great	group	many	memory	song
back	listen	oldi	taken	want	whenever	year
actually	back	dancing	day	fun	soul	still	take	train	watching
actually	air	angel	back	behind	best	blue	brand	called	crowd	eagle	entire	ever	fighter	flight	flying	heard	introduced	jet	large	life	little	man	new	one	perform	pilot	plane	played	routine	saw	show	song	speaker	strike	time	went
back	brings	good	like	old	wow	year
bbc	chicago	dancing	disco	great	memory
appear	generation	hear	make	new	nostalgia	old	really	song	thank	want
daysgreetings	dec	good	listening	northern	old	part	philippinesmabuhay	reminiscing
extreme	karen	listening	longing	nostalgia	period	reason	rip	time	way
across	back	bring	time	yea
beat	beautifully	cancer	carpenter	close	cry	favorite	forever	friend	havent	hear	heard	hope	identical	joy	karaoke	karen	last	life	liked	lost	made	remind	said	sing	singing	song	still	swear	talked	time	touch	voice	year
back	changed	gone	good	looking	make	much	rather	sad	seems	time	today	year
best	childhood	ever	memory
awesome	listen	material	nostalgic	rip	sweet	tune
boy	chinese	country	freedom	grandma	listen	mcdonald	missed	people	remember	song	time	want	world
kid	make	song	want
back	childhood	lovely	memory	take
always	carefree	cry	day	every	forever	good	kept	life	listen	make	memory	old	place	remain	reminded	right	song	thing	time
better	funner	less	miss	simpler	tech	time	world
back	come	memory
reminds	song	young
brings	car	carpenter	good	hear	loved	memory	mom	riding	singing	song	tune
back	brings	childhood	everything	jeez	parent	song
back	brings	early	good	growing	memory	time
august	carpenter	exactly	husband	many	memory	met	nice	radio	today	wonderful
back	fast	great	looking	make	passed	sad	teenager	think	time
ago	cassette	change	collection	growing	keep	mom	nostalgia	playing	remember	tape	time	year
ago	back	brings	cry	license	song	year
back	beautiful	daughter	day	happy	july	nd	passed	remembering	song	take
back	brings	dated	girl	im	impossible	june	lane	listening	lot	memory	owed	pay	song	taught	today
beautiful	mom	nostalgic	sing	used
dubai	full	june	memoriesgreat	memory	played	th	time	unforgettable
cried	elementary	feeling	first	fly	getting	listened	lyric	quite	school	song	stronger	time	understand
cause	cry	dad	day	listen	old	reminds	song
brought	childhood	eye	friend	listen	really	reminded	sang	school	since	tear	today
anymore	anything	cant	changed	fast	fix	innocent	like	make	memory	oh	past	people	person	relive	sad	tear	thing	youre
alive	comment	commonnow	day	everything	eye	find	give	gon	good	goosebump	got	ha	heard	ill	im	internet	isnt	leave	maybe	na	nostalgic	old	remember	since	sometimes	song	still	teary	year
august	back	childhood	cry	every	first	hear	heard	itbrings	la	listening	many	memory	nonstop	sha	shine	sincei	song	still	time	woah	wonderful
arrangement	beautiful	boy	childhood	day	drum	lyric	memory	oh	perfection	played	remember	sweet	voice
age	around	back	childhood	died	flash	grandma	memory	missed
back	beautiful	bring	childhood	day	flood	girl	happy	head	hear	hearing	little	lot	memory	played	playing	radio	recently	remember	song
come	favorite	growing	june	nostalgia	song
absolutely	apology	bad	blow	childhood	feel	grammartical	great	habit	heard	like	listen	love	make	many	melody	mistake	relaxed	school	secondary	send	since	song	steam	still	student	time	voice	want
although	backseat	car	english	even	first	kindergarten	know	learned	mean	mum	remember	sing	song	still	time	year
africa	day	east	kenya	reminds	song	teenager
angel	away	back	carpenter	karen	may	mother	passed	rip	song	take	time	voice
although	angel	big	called	contemporary	course	day	every	friend	glad	graduated	great	knew	love	loved	memory	oldie	sister	song	teen	thanks	well	word
compare	fast	fly	hear	love	old	song	st	time
kindergarten	love	made	past	play	remember	song	teacher
always	childhood	reminds	song
back	boy	bring	changed	first	heard	high	junior	love	many	memory	much	school	smile	song	still	tear	teenage	time
died	feel	grandmother	heard	little	make	nostalgic	old	really	remember	remembered	sad	singing	song	year
along	back	bring	cry	grow	listen	memoriesjust	see	sing	song	songlistening
childhood	favorite	finally	find	memory	song	ton
back	loved	mp	much	player	remembered	since	song
back	beside	childhood	go	hear	longing	radio	song	time
feel	forever	greatest	hit	like	remember	september	still
always	childhood	day	everytime	kid	kind	like	listen	music	parent	play	time	traveling
childhood	clearly	comeback	favorite	noise	omg	radio	song
amazing	childhood	every	feel	like	listen	listening	made	night	old	since	sleep	song	year
back	brought	cassette	classic	kid	listen	memory	much	song	used
back	day	early	elementary	school	take
childhood	cried	day	every	forever	getting	healthy	loved	older	oneway	people	realized	return	sell	stay	ticket	want
back	bring	hahaha	memory	nice	song
away	behind	beloved	friend	leaving	listen	many	memory	nearer	passed	past	remember	song	still	unforgettable	year
beautiful	reminds	song	young
able	afford	ago	already	back	band	beautiful	break	brings	broadcasted	carmen	caste	childhood	china	classic	conservative	could	country	enough	faction	firm	heard	image	iron	love	memory	old	player	poor	rule	sing	song	still	street	strong	year
ago	could	cry	day	karen	lost	make	painful	really	sadly	song	still	today	way	weird	wish	world	year	yesterday
babychildhood	carpenter	every	hit	loud	lullabydamngood	mum	old	sang	tapelol	timesand	yes
back	favorite	memory	one	song	timebrings	top
anymore	back	beautiful	brings	childhood	memory	song
againwhere	along	always	beautiful	bemy	came	canadian	carole	dating	experienced	flautist	free	french	life	music	never	others	place	radio	responsibility	song	student	thats	time	transport	year	yesterday
ago	boy	long	mind	primary	romantic	school	song	time	year
deceased	nostalgia	sentimentality
best	kid	memory	song
miss	much	remember	song	still	young
beautifulso	begin	girlsand	hear	remember	romanticand	romanticism	said	songso	thank	vision
behind	carpenter	couldnt	dad	day	introduced	karen	left	memory	putting	remember	repeat	sad	stay	thank
car	childhood	listen	reminds	song	used
album	always	around	arrangement	back	bringing	brother	cathy	every	fell	floor	house	karen	listening	living	love	masterpiece	music	neighbor	noneshe	player	pop	princess	record	remember	room	sat	second	single	song	thats	voice
ago	away	brother	child	hearing	listening	loved	music	passed	reminds	year	younger
first	forget	grade	heard	life	never	sixth	song	time
die	hard	reminds	youthmemories
back	beautiful	bring	childhood	happiest	memory	song
back	come	every	grew	heart	memory	nice	song	time	touch
back	brings	yesterday
could	decency	meaning	song	wish	yesterday
also	always	bad	childhood	come	listen	miss	old	sleep
childhood	cry	happy	made	miss	reminds	song	time
back	childhood	go	want
along	australian	back	beautiful	cargo	coast	communication	composition	destination	first	headed	heard	melbourne	mesmerized	music	purchased	radio	reaching	receiver	record	rpm	sailing	ship	singing	song	station	store	style	suddenly	thing	unknown	way	wonderful
back	fresh	give	missed	much	sadly	sound	still	today
afternoon	always	cassette	mom	play	reminds	sunday	vibe
almost	everytime	first	kid	listened	piece	remember	since	time	year
certainly	cried	elementary	english	favorite	grade	id	listen	radio	school	song	sure	th	time	waiting	young
awaybutwhen	gonelike	like	listen	melted	moreonce	songsits	theyre	year	yesterdayyesterday
attention	back	beautiful	big	century	childhood	coming	desoto	everytime	face	father	first	grabbed	half	hear	heard	honestly	karen	later	left	liked	nearly	never	old	remember	rich	riding	say	seat	smile	song	soon	thank	truly	voice	wonderful
every	good	happiest	hear	reminds	sad	song	time
back	beautiful	bringing	childhood	day	favorite	good	happy	karen	lot	memory	miss	much	old	one	reminds	singing	song	thanks	wonderful	year
back	familiar	lyric	old	rhythm	take	time
back	best	clearly	come	memory	song
actually	family	friend	reminds	song
almost	back	beach	beautiful	brings	every	first	fl	ft	go	great	hear	memory	played	song	spent	time	two	vacation	voice	walton	week	yesterday
back	best	come	cry	even	friend	happy	lost	make	memory	miss	never	nowlong	really	show	time	yesterday
back	bestbrings	day	fond	golden	good	memory	old	top
also	bringing	cousin	didnt	drive	emotion	fill	get	go	gone	good	great	hey	innocence	karen	kid	lane	life	memory	music	nut	old	real	record	rip	sad	seems	soon	spin	trip	used	voice	weekend	year
changed	heart	life	line	lyric	make	much	rather	really	remember	reversed	sad	seem	song	strike	there	time	today	vietnamese	want	wish	word
back	beautiful	believed	brought	check	cover	day	feel	free	good	lot	many	mean	memory	nice	one	page	please	remember	school	singing	slow	song	thanks	time
childhood	cry	forever	make	memory	remind	young
back	brings	memory	mom	really	sing	used
date	first	lingers	memory	singing	song
back	beautiful	bring	gone	grew	love	many	memory	music	one	shame	shes	song	type	voice
growing	kid	reminds	song
bkk	born	day	europe	friend	great	im	know	life	listen	love	missed	muchand	never	old	really	song	still	th	till	time	use	year
close	could	ever	every	express	eye	hear	ive	last	listen	long	love	meet	missed	mom	reminds	singing	single	song	till	time	word	year
always	back	bring	childhood	song
back	childhood	kid	mum	play	take	use
back	brings	class	glasgow	grade	hansen	many	memory	miss	montana	played	song	teacher	th	thanks	year
albumstill	childhood	christmas	favorite	grew	listening	one	voice
brings	childhood	day	love	miss
back	best	clearly	come	memory
back	bringing	childhood	finally	found	hear	let	old	parent	part	radio	thank	year
always	heaven	introduced	listening	memory	mother	remember	song	thank
feeling	nostalgic	school	time
amazing	back	best	clearly	come	listening	memory	natural	talent	voice	who	wow	yesterday
beneath	carpenter	earpiece	guam	june	landing	landscape	late	memory	nice	playing	radio	remember	unfolded
around	child	dad	fabulous	memory	miss	mum	music	oh	seaside	trip
away	back	come	memory	old	please	take
age	anymorebut	beautiful	crazy	didthe	laugh	listened	love	make	memory	miss	recall	song	still	thing	young
cry	day	listened	loved	made	missed	song	strongly	understand
back	brings	came	could	earlier	early	first	funny	listening	longed	look	memory	music	old	relate	remember	reminiscing	song	teenager	year	younger
back	brings	early	happy	left	memory	music	sad
already	beautiful	get	song	th	wish	year	yesterday
album	back	car	could	finally	found	grandpa	japan	listened	many	oh	remember	shalalala	year
afternoon	beautiful	every	middle	miss	play	school	song	time
day	every	listen	making	miss	night	song	stop	tear	time
back	best	brings	childhood	competition	day	emotion	ever	finding	forgot	growing	like	lived	memorized	one	past	singer	singing	song	tear	year	yesterday
early	flashing	hear	keep	memory	mind	seventy	song	whenever	wow
actually	always	back	brings	chinese	country	different	doesnt	english	fight	happy	humanity	im	kid	listen	love	many	memory	mom	played	race	remember	said	see	something	song	still	there	till	together	ugly	understand	weeping
back	changed	gone	good	looking	make	much	rather	sad	seem	time	today	year
cant	father	first	found	gradually	help	kid	listen	lyric	many	music	passed	room	song	stop	tape	tear	understand	year
affordable	among	bought	buy	cheap	cool	country	current	day	display	easter	egg	enough	even	feature	first	gather	go	higherbrand	included	inside	lack	listen	lyric	managed	money	mp	music	one	play	player	remember	sadly	something	song	sort	struggling	teenager	time	today	usb
expect	give	go	listener	memory	passed	past	quickly	recalling	serenity	silence	song	time	yesterday
andand	appreciate	back	childhood	due	eighteen	eleven	family	first	great	happy	knew	listened	lyric	melody	nice	pain	resonate	song	strongly	struggling	study	ten	time	voiceand
alive	back	brings	felt	great	life	stell	thenit
ballroom	best	capital	dancing	disco	dj	edward	friday	greg	jesus	london	lyceum	night	radio	remember	town
childhood	lot	memory
brother	busting	everyone	flick	friend	handball	high	home	neighborhood	playing	pm	remember	saturday	shaw	song	tail	watch
birmingham	blade	day	good	old	reminds	silver	sunday
bar	barman	came	feed	id	jukebox	keep	knew	loved	much	never	playing	pop	time	uk
absolutely	always	back	brings	dad	day	forever	july	life	little	love	memory	miss	much	playing	rip	saddest	th
back	band	bringing	darlington	done	england	fabulous	great	lovely	memory	shirley	song	thank	well
age	back	climb	come	feel	go	hear	listening	little	machine	many	move	music	people	press	respect	see	stuff	time	today	want	way
amazing	born	came	captial	every	gold	grow	harmony	listen	love	mum	music	song	sunday	year
among	best	bought	certainly	day	exciting	face	full	genuine	get	great	harmony	holly	music	never	old	perfect	perform	played	player	pleasure	record	rousing	singer	smile	soaring	song	still	teenage	thirteen	tired	watch	wonderful	year
bobby	drum	drumming	elliott	great	heard	holly	immediately	little	much	never	oh	older	perfect	playing	record	remember	say	singing	sister	song	struck	teenager	thats	tried	twenty	year	yes	young
carl	memory	nostalgic	thank
bringing	brother	favorite	home	record	remember	rpm	yardbird
away	back	best	brings	british	fast	great	high	invasion	memory	music	school	slipped
antiestablishment	beatles	beginning	burn	doob	first	good	guard	guy	high	kid	listening	make	memory	music	na	old	protest	revolt	school	singing	soldier	sort	still	thing	wan	witnessing	yarbirds	youth
ahead	cat	deserved	given	great	memory	music	musically	never	old	priceless	prop	rightly	time	way	yardbird	year
back	brings	love	memory	timeless
back	favorite	first	husband	met	never	song	take	time
agree	album	always	away	awesome	best	book	brother	elvis	ever	freaking	got	handsome	he	history	intrigued	library	made	man	million	one	passed	peace	presley	read	record	rest	song
air	great	lot	memory	play	popular	senior	song	summer	year
child	compassionate	confessing	every	feeling	filled	flashback	get	italy	living	lover	song	southern	street
dad	heaven	kid	loved	miss	muchhe	song	sung	used
car	dad	listening	old	remind	school	song	way	year
awesomeness	benson	brilliantly	george	glen	listen	love	many	memory	pure	sang	singing	song	take
every	forever	happy	love	memory	party	played	song	youngwe
cassette	horrible	listened	quality	radio	recorded	recorder	remember	song	teenager	year
best	childhood	music	remembered
always	born	gentle	innocent	pure	sexuality	sing	singer	time	today	violence	way	wish
always	back	best	brings	ever	good	great	love	memory	music	old	song	youth
back	dancebrings	first	good	lasted	lot	memory	played	sister	song	wedding	year
back	brings	find	looked	loved	memory	released	song	swear
always	beautiful	fast	go	listen	memory	song	time	year
back	beautiful	brings	like	memory	much	old	song	year
backyard	best	dance	friend	learning	remember	slow	song	summer
back	beautiful	childhoodbeautiful	experienced	happy	love	make	musichahaha	sone	song	take	wowthis	year
back	brings	era	experience	glad	got	im	memory	mid	much	sad	teenager	year
anyone	back	best	clock	could	else	get	happy	ill	knowing	life	live	messed	never	rest	song	thing	turn	wish
back	bring	build	machine	music	must	need	please	someone	time
ask	back	damn	dance	high	jr	nerve	school	someone	take	working
first	love	loving	many	memory	met	mine	never	reconnected	song	stopped	year
back	change	feeling	gon	love	na	nothing	song
car	forget	happy	kill	lady	love	make	miss	never	song	think	together	wreak
actually	boy	call	date	girl	happy	job	life	like	living	longer	love	make	marriage	mattered	money	path	phone	place	romance	sad	seemed	taken	thing	time	value	worth	would
classic	day	favorite	one	reminds	song	timeless
beautiful	brings	first	heard	love	memory	met	song	time	today	wife	woman
back	brings	childhood	good	love	memory	song
brain	childhood	coming	great	life	memory	song	youth
arent	awesome	back	brings	hear	kidsand	lasted	memorieswe	raised	song	still	together	wedding	wonder	year
fond	form	im	leaving	memory	party	sixth	summer
best	boy	dancing	era	ever	girl	love	magic	one	party	remember	song	time	wonderfull	young
away	back	brings	didnt	family	friend	great	heartfelt	know	last	memory	moved	past	song	time	togethermany	would
beautiful	close	cry	eye	flashback	listening	love	memory	song	still
beauty	forever	gave	girl	id	innocence	love	man	oh	old	puppy	recorded	released	serenity	song	stay	swore	tape	time	year
almost	beach	beautiful	brought	exactly	girlfriend	give	incredible	lot	love	many	memory	mind	nostalgia	old	passed	running	song	time	video	watching	wonderful	year	young
best	life	miss	really	year
day	especially	make	nostalgic	school
beautiful	brings	good	kind	memory	music	song	thankful	younger
although	always	came	didnt	ever	going	holiday	im	italy	ive	know	loved	really	remember	restaurant	since	song	time	tv
day	heard	man	memory	miss	song	stomach	turned
back	day	wish
back	bit	brings	chick	ever	get	gone	got	hat	live	love	never	old	phone	school	song	young
always	back	boy	brought	come	doeeyed	fell	fly	future	innocent	knew	love	memory	must	name	never	old	oldman	optimistic	schooland	seemed	song	still	time	tv	watch	would	year
ago	back	better	first	high	love	music	never	nothing	school	sing	singing	succeed	sweetheart	true	try	used	year
beautiful	day	happy	holiday	listening	many	memory	miss	much	mum	reminds	song
first	girl	good	made	memory	mix	song	tape
anymorei	back	dont	feel	fun	like	making	music	nostalgic	ohglenwhy	recently	si	singer	song	sweet
back	build	go	machine	need	time
didnt	grow	legendary	many	memory	old	wish
always	back	best	brings	could	go	good	life	love	many	memory	music	time	wish
back	brother	drive	good	lake	reminds	reservation	road	song	sunrise	time	use
back	boy	brings	changed	could	go	many	memory	miss	thing	time	wish
back	beautiful	brings	face	fantastic	john	live	old	rip	scott	thank	version	voice	year
absolutely	brilliant	brother	came	escape	fire	handsome	luton	reminds	ritz	saw	song	teenager	walker	went	wife	young
back	brings	great	memory	song	teenager
back	best	music	take	thanks	time	year
back	best	life	please	take	time
beautiful	came	color	downthey	fantastic	girl	hendricks	hippy	jimmie	john	lady	loved	mejees	omg	place	screamed	see	shouted	uk	wearing	went
back	could	go	know	love	song	time	wish
childhood	faithfully	go	himunfortunately	love	marry	memory	option	ready	scott	steady	thanks	time	totally	walker	wanted	watched	wonderful
almost	back	brings	listen	many	memory	never	painful	period	song	time
calypso	dance	girl	going	great	hit	line	long	man	old	passionate	remember	romantic	school	singing	song	voice	would	year
child	feel	music	nostalgic	thank
back	brings	england	every	go	loved	memory	minute	ready	steady	teen	theicewitch	watched	wonderful	year
brilliant	favorite	great	listening	little	mom	mum	remember	song	voice
back	bought	brilliant	concert	denisex	distant	going	hemel	hempstead	hit	life	live	memory	pav	pavillion	performed	pop	remember	sharing	song	summer	thanks	top	volume	warm	wish
best	grew	memory	one	withhappy
along	back	bliss	great	mum	radio	right	sheer	side	sing	song	take	would
certainly	changed	got	hair	hey	high	kicked	long	school	time	wearing
back	brings	happy	many	memory
awesome	band	best	brother	else	endless	energy	era	etched	experience	gary	gone	heart	high	john	matter	music	nothing	raised	rip	rock	roll	school	scott	song	walker	yes	youre	youth
back	came	crush	day	feeling	found	girlfriend	got	hearing	heartache	later	listening	lyric	miss	music	old	really	remember	sign	song	thats	true	written	year
attached	back	go	goosebump	many	melodrama	memory	sept	songthe	teenager
attached	big	come	know	little	many	memory	mysterious	place	song	teen	wonderful	world
back	best	day	go	life	much	music	one	please	real	simpler
absolutely	back	day	get	love	miss	never	sad	song	time
alive	felt	miss	much	optimistic	really
back	brings	favorite	lovely	memory	new	old	one	song	timeless
anymore	back	brokei	eye	first	going	heart	listening	rise	song	sun	take	tear	thought	yeah
big	could	give	love	miss	much	reminds	see	sister	song	wendy	whatever	would
brilliant	cam	certainly	classic	era	great	hit	im	listening	many	memory	one	song	tune	vocal
almost	always	back	bar	beggar	blind	box	classic	cornell	day	early	forehead	george	innocent	juke	killing	kray	loved	march	oldthis	outright	playing	reminds	ronnie	sat	shot	straight	timeless	whitechapel	year
back	brings	brought	called	crap	eye	grandchild	many	memory	song	tear
back	brought	crazy	memory	non	played	stop	teen	thank	year
audio	cassette	child	first	listening	rap	song	tape
back	brings	germany	jam	listening	memory	song	stationed	still	wonderful
back	best	life	music	take	way	wise	year
back	came	club	day	good	jumping	old	song
back	club	go	played	remember	song	teen	texas	time	used
back	brings	club	day	memory
cool	dont	guy	like	lil	little	look	man	miss	oh	one	wayne
back	great	song	take
back	could	damn	day	go	wish
back	boy	dance	dancing	fiance	floor	generation	last	man	miss	new	night	take
back	day	girl	school	singing	take
back	backrolling	beat	better	cant	gardensyou	god	much	old	roller	schoolthe	skating	take	top
def	good	listening	remember	reminiscing	rink	skating	time	track
ah	back	brings	came	classic	damn	dance	dope	floor	friend	hellthis	high	many	memory	outmy	right	school	shitthis	song	tear	track	upliterally	use
ah	awesome	back	brings	good	memory	rink	skating	time
afb	back	brings	came	day	everybody	fltyndal	good	got	group	looking	lot	man	memory	namethanks	never	new	one	song	year
anyway	back	brings	chance	every	got	hating	jam	kind	memory	one	rapping	rocking	song	whatever
everything	miss	say
back	best	brings	childhood	memory	time
bath	bathing	dad	little	memory	mom	precious	real	sing	used
girl	listening	little	love	parent	reminds
away	became	boyfriend	cassette	ex	first	gradelol	husband	late	later	listen	pas	sent	since	song	th	thinkmiss	use	whenever
car	deceased	didnt	favorite	getting	give	hard	knew	know	listen	love	mother	really	sing	something	song	time	turn	used	usually	wed
age	back	blink	brings	came	cat	childhood	doggo	early	enough	even	existed	eye	feel	first	forgotten	give	ill	im	ish	lady	like	little	live	long	lovely	lucky	nostalgia	old	probably	right	saw	serenading	song	sweet	warm	year	yesterday
back	big	brings	hit	love	make	many	memory	say	song	word
day	miss	old	really
airport	broken	first	goodbye	heart	herereminds	high	love	moving	saying	school	state	truly
childhood	father	listen	often	remember	sings	song
feel	fresh	many	memory	past	relate	song	wonderful
back	love	song	take	teenager	wow	year
back	feeling	love	memory	omg	thanks	throw
carefree	day	joyful	leo	old	remind	thank	yes
back	brings	broadcasting	classic	corp	day	enjoy	excellent	hear	memory	song	srilanka	used	youth
apropos	first	give	goodness	innocent	listening	love	nice	reminds	smile	song	year
back	january	little	looking	love	next	nothing	parent	playing	radio	remember	seat	sister	sitting	song
eyesnostalgic	tear
dad	inhaling	listen	nostalgia	song	soon	would
danced	happy	high	maine	portland	roller	school	skated	song	sweetheart	wedding	well	wheel	wife
humming	nostalgia	proud	song	young
another	garbage	great	make	miss	past	song	today	world
every	father	kid	liked	miss	moment	morning	open	school	song
back	brings	danube	exactly	falling	feeling	first	girl	hand	kiss	like	listening	long	love	memory	old	shore	song	summer	tied	walk	year
birthday	care	lady	love	miss	mum	one	remember	school	shelter	singing	sister	song	tasmania	tassie	womens	wow	year
best	chevy	dad	driving	ever	flatbed	forgotten	lol	middle	mom	momma	old	passed	remember	rip	say	song	stood	time	would	wow	year
brings	heart	memory	mind	sweet	thank	warms
beat	getting	nostalgic	nothing	song
good	remember	sang	song	young
childhood	remind
day	ever	every	feeling	fresh	give	green	leaving	loved	meremember	play	sayer	school	single	song	track	wowleo
different	drove	girlfriend	great	heard	indiana	least	memory	phoenix	radio	song	station	way
back	better	brings	good	love	many	memory	much	song	thank
friend	girl	high	remember	schoolmy
disco	machine	madrid	play	pubswish	time	used
ago	day	many	mine	missed	moon	younger
back	bring	good	love	memory	song
alright	back	brings	classic	many	mate	memory	thank
back	better	brings	could	feeling	hear	inside	life	love	miss	music	older	place	radio	song	sung	touched	understand	word
always	dad	growing	mom	played	song	upmiss
always	dad	drive	every	love	really	song	time	turn
amount	back	bitter	bringing	cherished	enormous	many	memory	sweet	yup
back	born	date	daysbrings	later	memory	miss	musichow	never	oh	real	well
ago	boyfriend	cause	cry	field	long	loud	memory	old	reminded	sing	song	trip	used	year
age	anyone	aware	born	captured	commented	elvis	emulate	even	gifted	grandmother	imagination	love	many	music	never	others	popular	presence	presentation	really	sound	started	still	today	voice	year
bought	car	cd	cry	divorce	driving	ended	first	later	loud	love	marriage	remember	rolled	song	still	turning	window	year
