age	although	day	emotional	fan	feel	golden	great	hear	jim	life	lord	love	loving	many	reef	relaxed	singer	still	thank	time	voice	vouch	year
back	blessing	came	convince	day	december	god	granted	greatest	hope	later	leave	life	lou	man	marry	mary	nam	nd	pray	reality	receive	served	song	st	thank	tour	viet	year
always	heart	wherever
always	close	come	elvis	king	number	one	place	taking
anytime	begin	bet	could	future	generation	go	hit	ill	new	play	radio	song	still
father	jim	listen	reef	remember	used	young
beared	coffin	crematorium	father	favorite	late	meaning	played	songsinger	special	time	top	tribute
album	along	australia	boxer	college	come	could	daddy	eric	generation	grandma	grandpa	guess	he	heard	im	jim	least	love	man	maybe	mine	mr	mummy	myanmar	next	old	presented	reef	sing	singer	sir	song	top	well	wonderful	year
elvis	entertainment	nothing
best	blue	country	elvis	ever	heart	music	rhythm	rock	roll	soul	would
baby	blow	guaranteed	im	like	mind	part	roller	steam
absolutely	elvis	forever	lord	love	made	really	showing
different	enjoy	family	generation	great	hear	quality	true
could	favorite	forever	listen	singer	time
anytime	beautiful	distant	drum	emotionsespecially	eved	get	hear	jim	love	overcome	reevesand	song	teary
die	ever	every	know	loved	madebeautiful	man	mother	much	music	never	played	song	sound	think	word
best	country	lovey	one	singer	time	voice
heart	melt	prepare	rocker	sound	usually
absolutely	appreciate	boast	brilliant	day	element	enjoyed	good	im	jim	least	music	older	people	posting	thanks	video	yes
across	appreciation	beautiful	come	first	great	innocent	ive	jim	live	long	music	reef	reminds	rightly	think	thread	time	united	voice
boy	elder	favorite	girl	great	interpretation	little	mother	number	one	plausible	put	raise	say	sister	someone	think	three	tom	treat	whose	wig
boy	brought	early	girl	knew	think
boy	favorite	great	im	many	one	song	still
anyone	around	audio	autobiography	book	erudite	fantastic	id	im	listening	pete	petes	rather	reading	recommend	right	spoken	version	well
another	away	calling	dear	different	distant	drum	favorite	flowing	gone	heard	jim	meaning	mum	oh	reef	shes	song	sound	take	tear
always	amazing	classic	drumming	heart	known	lift	little	sensational	song
amazing	heard	never	rhythm	song	voice	wow
changed	controlling	four	like	mine	name	parent	song	three
asked	cant	childhood	friend	listen	mom	seen	sing	singing	something	song	started	stop	today
along	beatles	best	classic	dylan	even	music	played	stone	year
album	could	doubt	ever	greatest	handedly	single	story	tommy	unbelievable	weird	work
barry	brilliant	done	like	love	mix	motown	nice	orchestra	palmer	reminds	robert	songits	toowouldve	unlimited	version	white
back	build	crescendo	favorite	magnificent	matched	one	rarely	time	today
band	broken	fell	first	heard	hearted	hit	home	love	really	road	song	time
alive	appreciate	around	back	cut	day	dont	enjoy	enthusiastic	ever	folk	get	god	grown	hardly	im	like	magic	man	meaning	music	na	oh	play	playing	short	something	talking	uhh	wan
anyone	beat	cant	classic	drummer	find	know	love	thanks
amazing	arrangement	arranger	background	classic	credit	deserved	dramatic	got	love	music	never	one	orchestrator	pop	powerful	probably	sharing	song	thank	work	youth
dont	dropped	found	go	let	song	trailer	week
cause	good	like	listen	music	must	parent	phone	song
always	called	camel	desert	dont	east	go	hear	job	let	lol	make	middle	part	saw	side	song	think	till	trailer	wondered	world
day	dont	great	hears	sad	song	songits	word
listen	look	mom	song	told
elvis	forever	great	live	long	many	miss	never	singer	world
along	beautiful	cry	emotion	every	family	king	live	long	make	much	pic	single	song	time
generation	lived	music	prefer	song	wish
guess	late	leave	love	much	really	someone	tell
amazing	away	care	chance	ever	girl	give	hard	keep	lost	love	met	one	pushing	satisfied	showing	time
able	fulfill	gentle	go	left	life	lisa	loved	marie	princilla	sadi	soul	started	think	wish	wrong
elvis	get	jackson	michael	never	presley	sad	see	time	wish
always	favorite	greatestalways	loss	singerawesome	world
always	amazing	he	im	ive	listen	old	people	year
alone	cant	die	going	grew	hard	im	learned	little	love	loved	never	probably	relationship	say	show	thing	told	whenever	woman
barbiedolly	didnt	get	glich	little	love	maybe	meant	music
age	build	came	grade	memory	movie	nd	treasure	youth
attention	classicmy	joint	life	love	lyric	many	much	pay	relates	situationsthats
feel	given	help	inspirational	like	song
amazing	bass	brother	david	dont	forget	funk	give	great	greatest	hear	jamie	jamison	levi	man	marvin	motown	one	others	smokey	stubbs	thanks	top	troubled	underrated	voice
age	legend	man	much	old	power	seventeen	soul	vocal	voice	year	young
davis	go	maybe	old	primary	school	son	song	spencer	steve	teacher	think	way	well	winwood	wrote
age	believe	good	he	old	really	said	someone	therehard	year
blow	great	id	like	sing	tried	tune	voice
black	come	got	he	natural	soul	thing
arent	band	great	popular	really	recognized	shame	smashing	song
comment	idea	loved	read	singing	song	stevie	winwood
absolutely	beautiful	excellence	gold	great	life	line	masterpiece	memory	music	phenomenal	pure	solid	sound	standard	talent	top
appreciated	beyond	invent	machine	people	please	realize	somebody	soulful	steve	teen	time	virtuoso	younger
ago	aint	long	music	nothing	nowadayspeace	thinkwowthere	time	touch
always	best	better	case	first	get	give	point	rest	shot	time	told
discover	fabulous	great	group	hear	often	share	thank	voice	wow
adaline	age	ask	band	brought	daughter	enjoying	evening	im	movie	shes	viewing	youngest
bad	favorite	heard	love	merle	never	song	version
executed	exists	family	home	love	man	past	reminiscing	sad	song	tell
first	grandma	introduced	love	shall	song	still	thank
always	know	laura	name	sing	thomas	tommy	wife
finest	hit	love	one	really	single	stand
afterwords	get	happened	hit	like	lost	lovely	many	one	though	voice	wonder
enjoy	love	nice	one	relax	song
friend	keep	laura	name	singing
appreciate	great	like	shout	teen	tune
brilliant	highlight	really	song	tragedy	well
coincidence	ever	favourite	happens	laura	name	th
cheap	compilation	decent	id	laura	never	park	pictured	skank	song	trailer	version	video
add	anymore	comfort	create	knowing	laura	like	maybe	music	people	personal	sorrow	thing
better	crap	grew	hear	song	sort	word
best	created	ever	forgotten	music	never
case	finished	half	lyric	others	video	wrong
century	certainly	lady	much	shes	st	video	vintage	young
calmer	day	good	like	made	make	nice	song	word
bear	name	sad	seem	song
careful	entertainer	greatest	person	please	say	talking	thank	time
concert	greatest	history	music
gorgeous	heart	man	melt	voice	would
called	good	king	known	still	underrated	wish
delivery	face	he	high	last	much	note	part	satisfied	see	sings	voice
american	artist	away	blue	doubt	greatest	here	ive	james	lifetime	listened	make	may	maybe	mock	music	nothing	one	prolific	said	song	statement	take	taylor	thing	three	time	tune	version	white	writer	written
awesome	coolest	elvis	ever	name	person	song	sung
best	could	ever	live	seen	wish
appears	concert	elvis	enjoying	fine	gone	priscilla	ride	year
certainly	earth	fella	gorgeous	however	imaging	left	lol	looking	mark	right	rolling	soon	stunning
awesome	best	blue	comparison	doubt	genre	great	incredible	love	man	many	mr	music	one	presley	really	singer	singing	song	still	world
always	beginning	forever	king	know	laugh	like	look	love	music	side	song	thinking	would
background	bluesits	elvis	great	hear	id	love	parody	period	playing	song
bluesy	comfortable	definitely	he	low	music	root	style	think
bless	elvis	forever	friend	god	greatest	miss
angel	artist	concert	died	earththe	effort	eye	godunique	handsome	mani	much	peace	rest	see	sufferience	voicegreatest	young
masterpiece	minute	never	perfect	recoding	studio	wonder	would
againand	always	back	coming	else	elvis	forever	gone	heard	keep	life	like	one	special	time	video	videoagain
cover	elvis	forget	harmonica	key	making	never	played	songsoooolook	songtune
absolutely	bandelvis	bless	burton	entertainer	fantastic	forever	glen	god	great	greatest	hardin	heart	heaven	james	singer	tcb	time	vocalist	whats	world	yuo
fantastic	greatest	music	performance	time	voice	whats
amazing	another	back	bone	brilliant	call	come	get	great	interpreter	liked	many	masterpiece	proof	together	work	wrong	yet
adore	beautiful	biggest	elvis	handsome	history	hot	music	sexy	singer	song
close	come	elvis	entertainer	ever	god	greatest	man	one	peace	rest	see	sent	world
burton	elvis	james	must	nelson	old	rickey	rock	song	stolen	year
always	compared	king	music	nothing	others	stealing	still	would
better	cant	fantastic	favorite	get	gold	one	perfect	pure
adam	backing	barry	faith	good	great	john	made	orchestra	pizzicato	pop	really	record	singer	string	superb	technically	use	wasnt
always	aunt	born	elvis	emotion	genuine	grew	heartfelt	late	orbison	preferred	raved	roy	song	sung	thank	thought	uncle
based	bestknown	favorite	feeling	generation	performer	popularity	roy	solely	sure	talent	wouldve
music	song	soul	there	today	unlike
baritone	bass	complexing	know	singer	sopranotenor	talented	voice
alone	bit	depressed	feeling	im	know	listened	lonely	right	roy
classic	continue	enjoy	legacy	live	lonely	wil	work
agree	big	completely	convert	expression	feeling	great	lyric	nice	stuff	thanks
artist	daughter	exposed	good	great	knew	like	love	music	never	old	orbison	right	rock	roll	year
age	begin	day	hope	im	kind	like	love	old	one	really	song	wonderful	wow	year
bless	dont	fantastic	god	know	missed	one	rip	roy	singer	young
amazing	away	bournemouth	brings	centrein	december	eyesby	first	forgotton	home	january	never	passed	pavillionwestover	rip	roadbournemout	roy	royyoull	song	start	tear	tourand	town	truly	uk	venue	waywhen	would
boy	burnt	cash	die	door	family	henderson	house	jr	location	looking	love	man	music	never	next	old	performer	person	roy	roys	sir	site	stood	tennessee	visited	wonderful	yes
always	classic	like	pleasure	stumble	upon
cherish	forever	forget	love	magnificent	man	music	never	orbison	roy
beat	beautiful	late	period	searly	song	totally	unique
awesome	range	style
drinking	invent	listen	live	machine	made	mediterranean	oh	please	self	time	want	wine
agree	always	back	could	live	wished
ago	assignment	english	homework	looked	love	minute	searched	song
ago	away	cry	dare	feeling	germany	like	listen	love	make	man	mum	music	passed	seldom	song	totally	two	understand	vulnerable	year
doesnt	folk	glad	hear	heart	hope	im	like	maybe	played	real	rock	roll	stuff	today	world	young
ago	album	always	baby	dig	ended	find	ill	im	know	long	moved	remember	song	sure	talking	think	year	youre
actually	back	sing
country	great	like	music	wished
believe	country	god	hear	junk	music	never	play	radio	real	rock	sirius	suck	thank	today	true	youtube
beautiful	country	disc	ever	gold	great	hank	locklin	one	recorded	selling	single	song	top
aint	classic	country	love	old	stuff
always	another	believe	cramer	delivery	distinctive	floyd	ivory	legend	locklin	loved	song	thats	voice
anything	cant	classic	country	ever	favorite	go	im	music	stand	today
dad	kind	love	mom	music	western
falling	love	music	old	school	year
banging	dad	got	incredible	kitchen	music	recording	still
country	heard	hit	infomercial	jukebox	love	song	tv
amen	best	blessing	come	everyone	god	know	many	really	year	yet
classic	country	great	hank	hit	many	thank	well
comment	ever	funniest	lmao	saw	youtube
facebook	let	lie	liked	photo	post	ricky	shared	youtube
friend	girl	laura	nice	young
bad	hate	laura	mood	shes	sing	sister
grandparent	least	mean	named	quite	something	song	still
background	barely	like	listen	music	nowadays	word	wow
listening	love	old	song
childhood	didnt	friend	grandpa	great	serious	think
best	fogerty	john	like	song	still	think	version
first	gladys	heard	hearing	knightsfirst	love	time	version
could	get	john	listen	never	right	song	tired
favorite	much	one	sharing	thank	time
always	dont	favorite	like	make	one	posting	shame	sure	thank	used
awesome	better	country	dy	get	like	love	never	old	really
behind	childhood	favorite	man	screen	sharing	thank
anybody	know	nice	piano	posting	robertson	thanks	video	way
enjoy	listening	old	posting	really	song	thanks	wonderful
cant	country	fan	fashioned	good	great	keep	many	old	post	see	song	thanks	young
advice	back	real	replying	sound	time
best	country	hear	love	many	matter	pop	song	time
anyone	could	faithful	great	im	infidelity	know	losing	lyric	make	married	sentiment	song	temptation	think	true	uncomfortable
great	locklin	one	opinion	thats	version	well
dont	great	like	make	nowadays	performance	rock	star	used
country	dont	good	music	people	real	taste
anymore	country	dont	get	happened	isnt	like	mean	music	today
day	dont	hip	let	life	like	low	meaning	music	pop	rap	take
appreciate	ask	convinced	even	heart	listening	man	song	stone	time	transplant	would
dance	daughter	love	music	old	song	year
best	better	englebert	feel	feeling	friend	hear	low	song
could	last	someone	special	waltz	wish
also	beautiful	could	forever	handsome	love	song	touching	voice	woo
artist	became	dont	explain	feeling	global	know	legend	star	start	suddenly	superstar	true	voice	wonderful
best	better	brilliant	come	course	dont	englebert	he	much	song	sung	well
beautiful	doc	fall	love	peace	song	would
cant	change	love	old	songsi
always	happy	love	make	nice	song
actually	age	describes	golden	great	melody
beautiful	could	darling	didnt	god	know	make	one
beautiful	englebert	ever	one	song	think
beautiful	belongs	everyone	legend	love	sang	song	true
dance	someday	song	wedding	would
beautiful	compose	decade	many	memorable	nowadays	song	touching
around	brought	come	dancing	family	favorite	first	strickly	time
also	nice	passed	song	still	time	whenever
beautiful	genre	like	lover	music
amazing	amazingly	beautiful	dance	feel	getting	great	like	love	lyric	make	mesmerizing	much	musicit	scale	sharingjust	songsuch	superb	thx	undoubtedly	voice	waltz	waltzon
ago	always	beautiful	come	concert	day	dream	love	music	see	song	true
always	best	life	love	part	singer	song
ever	got	one	peace	romantic	song	sweetest	wow
break	everyday	life	lonely	love	man	start	wake	without
beautiful	blasted	cassani	come	course	engelbert	innamoro	italian	maro	melody	obscure	original	panzeri	parrot	quando	really	record	stratosphere	think	version
beauty	grandmother	loved	music	pure	understand
artist	beautiful	favorite	grew	know	lyric	mom	song	still
beautiful	cousin	family	favorite	hear	im	know	learn	old	song	yr
ever	existed	magnificent	one	voice
appeal	artist	classic	found	generation	modern	song	sung	today
could	like	make	song	today	wish
forget	never	record	walked	wife
cloudy	freedom	love	loved	morning	one	presence
appear	ever	forever	mankind	one	song	stay
age	always	describes	golden	loved	many	old	socalled	song	year
classic	ever	happened	listening	romance	romantic	song
even	genre	listening	meaning	music	nowadays	song	still	teen
arm	cause	day	hold	ive	loving	make	painful	song	till
beautiful	get	grew	listening	never	number	one	song	soulful	tired	voice	world
cloud	computing	great	lost	man	never	song	thanks	time
amazing	classic	songthank	truly	uploading	voice
break	dont	everyday	sleep	try	wake	want
class	eurovision	rerecorded	song
day	looking	lyric	old	power	sing	song	without
bless	care	family	god	good	got	he	love	lovely	sing	singer	take	wife
irreplaceable	music	untouchable
dont	elses	good	guy	know	like	please	profiting	someone	song	talent	video
best	cruel	ended	ever	ironic	life	love	made	punishment	reckon	sing	singer	wish	world	worst
lonely	love	man	without
beauty	broken	heart	real	song	understand
anymore	appreciate	clip	day	dont	every	everyone	far	feedback	hi	left	like	make	memory	message	one	read	thanks	watched
class	crafted	massively	musician	perfectly	performed	pop	real	song	underrated
big	catchy	harmony	hear	hum	intro	lovely	pop	proper	record	sing	tune
guy	happy	singsgreat	tune
best	class	come	ever	one	pop	song	written
feel	happy	january	listening	love	make	song	th
classic	club	europe	germany	hey	honeymoon	messageam	play	scan	st	thanks	time	tip	week
comment	editing	like	make	posting	video	watching	worthwhilethanks
almost	ignore	impossible	intoxicating	intro	naturally
adele	eat	etc	good	harmony	heart	lyric	sing	singer
classic	dance	hit	million	really	soul
classic	ever	intro	masterpiece	match	never
accurate	daughter	describing	elle	especially	every	grace	heard	lyric	may	name	old	one	single	st	time	tune	written	yr
always	followup	great	harmony	little	love	made	maker	number	one	song	trust	uk
better	intro	nice	orchestration	ruin	singing	tune	without	would
beautiful	compose	could	guy	love	music	song
dont	like	something	song	there	wrong
appreciated	carolina	really	song
dying	eh	heart	love	slowly	song	word
beautiful	vocal	word
consolation	early	far	find	hope	katharina	learn	loss	song	sorry	sweet
hear	heaven	im	love	loved	proper	ruby	singer	still	thank	youtube
beautiful	hit	song	usa
beautiful	people	retarded	song	version
greatest	lady	one	singer	teresa	time
brewer	evening	fantastic	hill	lovely	mockingbird	nice	spend	talented	woman	would
alongs	beautiful	bird	brewer	cover	dinah	early	ford	hill	hit	instead	interpretation	late	le	like	lullaby	mary	miller	missed	mitch	mocking	original	page	patti	paul	sad	sang	shore	sing	sixty	sleepy	something	still	teresa	today	using	wake	wrong
called	great	hill	mockingbird	place	would
america	anymore	found	icon	one	rip	singer
another	loved	recording	song	thank	wonderful
favorite	lady	listening	love	lovely	mind	peace	voice
cheezoid	complexlol	glad	im	like	menow	music	one	something	superiority	think	used	wrong
like	miss	one	teresa	voice
book	cant	dynamite	little	miss	oldie	replaced	singer	topped
gentle	loping	nice	sweetest	versionteresa
could	docambra	dont	give	notice	permission	remain	way	wont	wouldnt	youtube
earth	ever	get	heaven	nearest	well
almost	billy	earth	handsome	like	much	one	sings	unbelievably	world
billy	come	copy	eckstine	gras	mardi	one
sarah	unique	vaughan	voice
always	beautiful	loved	voice
beautiful	dont	get	give	goosebump	handsome	he	lovely	man	much	play	song	world	youre
close	eye	follow	listen	perfect
another	billy	called	classic	eckstine	hit	one	single	timeless	top
could	handsome	heavenly	look	man	met	song	wish
another	exquisite	justice	like	man	never	posting	remarkable	song	thank	unique	voice	word	would
great	posting	thank	voice	wonderful
great	male	one	recording	sinatraphile	singerand	truly
beautiful	billy	evera	fabulous	singer	song	underrated	voice
history	knew	lived	magic	music	one	time
beautiful	exquisite	know	mandolin	one	piece	played
anybody	better	ever	guy
like	one	renamed	rendition	voice	wonderful	wow
bloodflesh	carlos	movie	played	thompson	tune	wonderful
difference	hearing	keep	music	noisy	romantic	true	tune
baby	day	girl	granddaughter	love	nine	today
end	headslap	make	musical
became	crap	day	enough	everywhere	listen	long	played	radio	respectable	rock	roll	used
good	music	naughty	pop
environmental	file	impact	statement	town	whirl
love	scary	song
everyone	hear	like	lot	song
ad	belong	came	care	donald	dont	epic	greeted	group	hillary	listen	message	pissed	political	trump
away	breath	exercise	literally	need	say	son	song	take
adult	adultchildren	back	beautiful	being	bringing	brought	consider	future	given	hand	human	incredibly	instead	lie	name	new	plaything	scary	stupid	think	whose	world
always	baby	parent	song	told
baby	day	door	exactly	favorite	guy	listen	new	next	nine	old	song	time	told
cell	download	put	song
back	day	great	insinuation	lyric	music	real
boo	go	music	pop	pure	rock	roll	white
believe	cant	dislike	great	new	one	song	still
connotation	could	day	different	lady	lane	naughty	shady	well
almost	couple	favorite	first	heard	lady	loved	lovely	met	music	often	play	rip	ruby	singer	still	time	voice
accident	best	bike	came	died	friend	jimmy	motor	name	nanas	scary	song	story	year
always	beautiful	friend	goodbye	jimmy	sing	song	tell
channel	found	guessing	jerry	posted	said	song	vale
ago	commented	didnt	figured	first	jerry	know	like	long	seems	song	time	vale	would	yes
dance	daughter	go	living	love	old	room	say	sing	song	sway	swing	weak	year
get	highest	leave	music	startled	volume
apart	arte	beautiful	called	couple	el	en	fantastic	heaven	im	met	show	song	ti	used	work	writer	year
anyone	im	legendary	like	music	na	name	old	please	singer	type
english	first	go	heard	later	learn	lyric	said	say	song	sway	thought	time	weak
chocolate	cigar	coffee	cuban	disturbing	draw	faster	imagination	life	need	old	partner	without	world
better	case	language	lyric	new	one	original	translation
always	best	ever	singer	tech
bit	dancing	dean	favorite	feel	headphone	pretend	put	sad	song
love	many	new	song	version	year
beautiful	father	know	lately	listened	loved	sang	sometimes	song
bubles	dean	like	martin	michael	one	original	prefer	really	spanish	version	voice
bottle	carnation	champaign	come	heard	voice
curtis	discovering	least	photo	pleasant	resembles	thanks	tony	voice	youtube
backing	dickie	didnt	good	great	looking	melodic	music	need	one	singer	true	valentine	voice	well
new	performance	terrific
big	charismatic	couple	crown	door	frankie	green	hitstower	hotelgilmortonuk	local	original	sang	strength	vaughan
called	certain	comment	dickie	elvis	find	frankie	guy	international	male	mr	nme	poll	presley	previous	running	slot	taking	top	uk	valentine	vaughan	vocalist	voted	year
best	billy	flowed	fury	isnt	like	right	though	totally	unacceptable	version	voice	way
billy	fury	know	predating	song	version
chart	listed	marchapril	popular	uk
channel	congratulation	discover	france	great	hello	much	pleasure	sharing	sincerely	song	thank	video
ancient	break	enjoy	hearti	like	musici	musicregret	never	song
man	stop	texting	whose
every	form	greeting	netherlands	play	song	time
done	original	release	well
actress	anyone	first	tell	video
fantastic	forgot	gorgeous	hello	never	voice	woman
almost	bring	eye	life	like	sad	song	tear
actor	believe	crowd	end	first	great	image	movie	really	tragic
covered	listen	mean	song	world	would
best	course	ever	great	seen	song	video
alive	amazing	anymore	brenda	buried	ending	forever	forgotten	generation	god	happy	historical	know	lee	like	much	music	never	new	real	shes	sironaca	song	still	thank	would	youtube
inverted	men	nowadays	one	real	time	upon	woman	world
always	listening	love	song
better	enjoy	even	everyday	last	treat
departs	everything	fade	love
emotional	feel	lyric	much	voice
another	greatest	listen	oh	think
around	end	life	love	many	meaning	song	worldher
anything	done	everyone	forgets	great	help	hoping	know	lol	love	meaningful	might	outstanding	pay	person	put	repay	say	see	selected	shot	single	thats	time	together	wanted	work
brenda	could	day	great	lee	listen	love	singer	song	thanks	youtube
came	crap	felt	holy	next	right	serious
best	ever	seen	tube	video
actor	index	interesting	know	movie	see	would
love	many	people	relevant	song	wow
change	communicate	fan	knowledge	lady	language	little	love	many	much	people	sironaca	song	thank	voice	way	without	wonderful
effect	enough	funny	hear	including	relationship	song
best	song	world
go	magic	sway	technique	weak
bless	dean	god	martin	may	much	soul	wonderful
dance	failing	fight	headphone	im	listening	platform	train	trying	urge	waiting	walk	xd
could	gold	man	pure	sing
democrat	everytime	hear	sound	spewing	start	violin
darkness	different	flower	guess	interpret	light	people	rising	song	sun	talk	thing	word
always	child	especially	fantastic	loved	song	voice	young
attraction	beauty	best	face	full	music	natural
appreciate	ever	good	green	listener	much	sings	youtube
artist	bird	clip	dont	get	great	mean	movie	people	shes	showing	singing	sings	snow	song	star	storm	sung	there	two
hanged	lived	lol	mind	never	probably	racism	remember	sometime	time	wish	would
big	every	girl	great	little	single	understand	voice	word
beautiful	heartbreak	make	pain	sound	sucker
always	beautiful	handsome	look	much	past	people	present
beautiful	love	romantic	sad	song
better	davis	difference	feeling	good	least	like	made	make	one	original	put	seeing	skeeter	song	version	way
beautiful	day	intelligent	later	nicer	pretty	woman
best	ever	heard	song	version	wonderful
cherish	every	moment	reason
beautiful	many	screen	silver	star	thanks
although	beautiful	bogged	break	everything	feel	good	hear	like	live	love	one	recover	relationship	sad	say	song	take	thing	time	true	version	young
actor	brilliant	compilation	compliment	genius	greatest	hard	pure	screen	silver	sironaca	work
able	add	addition	age	alan	barrymore	clift	could	credit	dean	didnt	extra	ford	get	glen	golden	great	half	hollywood	james	john	ladd	list	men	montgomery	movie	name	nice	offhand	past	picture	rerunning	shown	someone	song	sophia	spencer	star	still	stumped	though	tracy	veronica	video	wayne	well	without	woman	wonderful	would
let	love	would
ability	express	life	meaning	music	people	point	song	thing	think	unable	understand	would
also	belief	first	god	life	love	music	nothing	reflects	without
advance	anyone	comment	corresponding	know	movie	picture	please	tag	thank	time
cause	feel	im	incredible	ive	kind	like	living	make	missing	never	released	saying	song	time
always	planet	song	thought
abandant	blessing	divine	eternal	grace	hard	promise	receive	recognition	reward	see	self	waiting	welbeing	welfare	work	working
always	anything	could	great	sing	sounded
automatically	bethesda	fallout	gaming	know	personally	playing	singing	song	started	thanks
goodnight	listened	much	song	thank	thankfully
gold	recommended	youtube
actress	anyone	background	cigarette	clip	glass	hand	hold	know	man	name	one	photo
anything	broken	heart	help	hurting	like	mendedi	sorry	time
best	brenda	collection	dopamine	hit	however	lee	little	music	otherwise	outstanding	place	real	seems	singer	world
name	nice	people	photo	posted	recognized	think	video	would
assured	forgotten	hear	list	loved	one	rest	restore	sorry
always	great	real	really	slide	star
beautiful	go	great	iconic	image	ive	job	love	movie	perfect	seen	sironaca	song	special	thats	video
always	emotion	full	great	love	loving	person	singer	true	yes
blame	boring	cookie	crop	cutter	dont	duration	emotion	entire	fry	get	many	mph	overuse	sing	singer	singing	song	teacher	theyre	vocal	young
came	could	experienced	really	time	wish
actress	beautiful	distinguish	gone	look	year
actress	anyone	close	dark	face	featured	haired	half	know	one	see	thank	video	way	youtube
angel	anyone	dynamite	god	great	little	love	men	miss	music	onepeace	second	sent	voice	woman
could	emotion	interpretation	lot	really	sing	songthis	woman	wowgreat
angelim	dreamingsome	human	mewake	one	slap
expression	face	fit	new	nice	picture	put	song	story	tell	video	whole
around	chen	end	genuinely	listening	never	peter	song	sung	touching	world
beautiful	briefly	feeling	glad	heart	joy	leave	left	life	shared	voice
beautiful	like	moment	much	song	thank
absolutely	come	gutwrenching	hit	ive	like	lot	monumental	quite	sang	sorry	unusual	version	voice
arrangement	distraction	great	huge	image	jumping	poor	song
best	brilliant	change	even	everyone	feel	good	happen	happened	heart	lost	make	really	sad	song	still	thing	thinking	wish
beforewords	ever	hear	song	touching	wonderful
full	give	melancholy	song	sorrow	use
come	devastated	feel	one	really	stop	time	world	yet
believe	could	dynamite	little	love	modern	perform	singer	superb	today
beautiful	couple	heavenly	legend	many	overlapped	screen	song
hear	kind	melody	never	performance	unbelievable
always	anymore	barely	brenda	dont	every	favorite	fifteen	goodness	heartstrings	hit	home	im	lee	list	lyric	make	one	reality	sang	set	singer	song	still	sure	think	time	torch	understood	younger
always	asking	beautiful	bless	dear	friend	god	offering	protect	wherever
absolutely	amazing	beautiful	brings	eye	make	see	song	story	tear	voice
apart	know	listen	love	lyric	many	meaningful	movie	people	powerful	really	song	soundtrack	understand	youll
compared	garbage	lot	music	singer	today	total
affair	end	love	moment	separated	yes
fantastic	frame	music	putting	strange	sure	transition	video
brenda	emotion	feeling	full	great	heard	heaven	lady	like	listening	love	never	real	singer	sound	tire	voice	year
amazing	emotional	ever	goddard	much	paulette	song	thank	video	way
brilliant	choir	classic	ear	left	lovely	middle	million	perfect	piano	right	stereo	string	thank	version	voice
battle	ensues	glorious	gun	last	make	misunderstood	stand	tyranny	vigilante
actress	fantastic	heard	never	voice	woman
better	flow	like	opinion	original
almost	better	classy	describe	every	horny	love	nowadays	rebellious	song	songromantic	still	story
called	dynamiteshes	lil	miss	one	thats
brenda	brings	davis	emotion	great	job	originally	skeeter	song	sung
cant	great	like	one	today
anyone	certainly	film	fit	know	singer	song	star	superb	well
almost	best	every	female	rockroll	song	version	vocal
anybody	cute	recognize	unforgettable	woman
amazing	child	comfortable	command	concert	deliver	ease	effortlessly	flat	presence	prodigy	seemed	signature	special	vibrato	vocalist	voice
baby	boomer	come	dont	doubt	era	ever	experience	like	lovely	lyric	one	post	really	sadly	seem	shame	song	time	today	war	yes	young
add	best	black	coupled	day	easily	effect	enhance	gone	hey	long	lovely	magic	moodier	pace	photograph	plaintive	sadder	slower	sparkle	version	voice	white
audio	create	dont	great	know	say	thank	video	wonderful
book	english	know	learn	message	song
either	good	grandpa	great	send	song	wow
commercial	heard	hilariousgood	never	samsung	somehow	song
get	happy	listen	listening	make	much	music	newcomer	older	retarded	sound	turn	wonder
glory	jean	man	morning	put	soon	wake
funny	get	jackson	legend	michael	played	radio	regarded	still	though
also	back	behind	co	crap	crowd	day	get	great	history	knew	know	look	made	plus	rest	sadly	sell	stage	tune	wrote
cd	day	dustbin	gary	glitter	great	people	probably	song	throwing	world
dont	gang	leader	lol	much	thank	want
everybodys	excuse	got	honest	liking	music	nonce	rest	theyre
always	care	done	love	music	remains	song
committed	crime	discussing	enjoy	music	people	sick	without
funky	gen	god	instrument	music	parent	thank	used	wish	wow
cool	dont	exception	find	frankly	good	like	made	meaningful	music	nice	nicely	nowadays	one	performed	rhythm	seventy	significance	signified	something	song	sort	time	tune
best	black	brother	community	could	group	life	like	living	love	man	many	moving	people	perform	show	sing	song	stay	swoon	talent	tavares
amazingly	beautiful	classic	gorgeous	heard	music	song	thank	titan
certain	every	hear	scene	supernatural	think	time
car	fire	listening	see	song	star	titan	waking
heard	india	kind	love	series	song	titan
fade	like	taking
around	good	mom	music	playing	real	right	sharing	thanks
best	ever	got	heard	ive	song	structured
curious	im	know	living	many	member	original	still	tavares
bought	happy	supernatural	yeah
angel	around	creation	foundation	know	moral	principle	reason	value	wing
best	dance	dancing	disco	era	love
angel	arm	around	beautiful	beegees	beethoven	boat	couple	cruise	dancing	disco	elaborate	even	fever	fifth	fire	gorgeous	happy	heaven	imagination	instrumentalonly	kissing	like	lot	love	missing	must	night	one	princess	romantic	saturday	say	sea	see	ship	shoulder	song	though	version	walking	would
get	good	great	handsome	look	sound	stil	still	wereand
age	classicgolden	listening	music	pleasure	priceless	real
band	college	drum	excellent	heard	hornsi	line	percussion	perform	show	thiswhat
day	die	honestly	im	kind	listen	lol	masterpiece	never	song
gold	like	matter	music	remain	timeless
comment	eye	future	ill	leave	see	tear
cry	eye	killing	lyric	tear	voice
always	beautiful	earth	heaven	love	shine	shined	sing	ya
better	born	much	others	song	time	today	wish
falling	listen	much	rain	song
awakened	dream	good	heard	played	scared	song	vivid	way
cant	cry	hold	legend	make
came	know	least	nice	played	song	time
better	carpenter	classic	even	get	listen	never	old	perfect	privilege	representation	song	time
bag	beaten	beautiful	bird	cat	like	morning	natural	paper	singer	singing	singingunlike	sound	spring	talentthe	todaywhose	type	voicepure	wake
expensive	iconized	something	voice
better	born	browsing	father	found	heard	old	song	teenager	year
beautiful	control	note	quality	sound	unimaginable	voice
amazing	beautiful	born	music	time	wish	would	year
block	box	comment	could	hey	move	please	sort	texting	thank	way	youtube
clear	english	every	hear	karen	mother	music	nowadays	pronunciation	rare	sings	tongue	understand	voice	word
breaking	cry	get	heart	make	part	really
bit	cry	hell	little	make	mean	really	sad	song	surely
abroad	appreciate	could	english	find	first	happy	looking	lyric	really	song	spend	studying	time	understand	without
bless	comment	day	family	god	may	read	wonderful
cry	damn	feel	girl	kind	know	life	like	old	reincarnated	song
backing	beautiful	born	dont	enjoy	know	oh	old	sometimes	song	vocal	wish
butter	cant	describe	honey	running	still	voice
calmnesshappiness	come	every	feeling	get	hear	smile	songyou	time
autotuned	back	era	form	funny	generation	grandparent	introduction	lest	listened	listener	look	many	music	parent	sad	say	song	think	today	true	truer	youth
choir	glad	head	im	learn	lol	stuck
close	different	eye	heart	like	still	yesterday
love	loved	one	remains	world
daughter	good	like	listen	make	sad	think	voice
art	artist	brilliant	develop	given	million	museum	people	piece	pleasure	time	vocal	world
beautiful	clear	colorful	die	karen	nice	song	still	unique	voice	world	young
go	life	memory	song	still
became	cause	crush	day	favourite	friend	go	heard	home	knowing	name	outand	repeat	search	song	talking	thanks	today	without
always	biggest	carpenter	effortless	far	favorite	go	inspiration	karen	music	performing	practice	pure	recording	singer	singing	time	use
born	clearly	creation	credit	documentary	even	genius	gift	given	iconic	learned	much	one	responsible	singing	style	success	two	watching
ever	female	greatest	hand	heard	voice
day	music	nonsense	timeless
cruel	darkness	life	never	short	surrender	world
amazing	bad	best	billboard	brown	ever	kept	leroy	pop	possibly	pretty	rock	slot	song	stupid	think	written
another	believe	best	combination	credit	depressing	deserved	duo	emotion	ever	feeling	female	go	got	guess	hit	imagine	know	many	much	music	musician	never	passed	people	personally	probably	put	really	relate	richard	said	sang	song	time	truth	voice	well	year
day	listen	love	make	really	song	timelove	wonderful
artist	break	forever	kind	live	music	today
attention	beautiful	bring	disease	disorder	eating	even	foundation	life	lost	name	need	passed	prevalent	question	singer	society	soon	superstar	today	todayits	tragedy	two	way	would
coursebut	drum	famous	god	oh	singing	splendid	track	work	world
appreciated	cant	first	game	listen	may	movie	recall	reference	song	would
anyone	got	please	share	similar	song
already	dare	dont	even	im	listening	music	tear	video	watching
friend	good	like	mean	old	really	sound
better	car	door	drive	hang	movie	music	play	sound	speaker	window	would
asleep	cry	fell	little	play	sister	song	started
beautiful	brings	ever	hear	ironic	lovely	must	one	sing	tear	voice
always	anyway	like	listens	mom	much	sings	song	still
always	amazing	attention	beating	bless	clean	crap	draw	garbage	god	karen	like	live	others	resort	song	voice	without	world
age	describe	emotion	feeling	one	perfection	smooth	voice
beautiful	could	seen
beautiful	eye	others	tear	touch	typing	voice	way
detailed	evergreen	everything	good	moving	music	quickrip	song	world
album	always	anyone	beautiful	bought	dad	dont	early	far	go	lot	loved	mother	really	single	song	think	touch	vocal	voice
darn	eye	listening	onion	put	running	song
future	good	hope	lookbacks	many	memory	service	thank
admit	day	generation	grew	ill	like	part	song	wasnt
beautiful	however	love	music	put	song	soul	wish	would
grandparent	hanging	kind	love	parent	song
alone	better	happened	hiphop	music	put	rap	today	together	voice
cover	feedback	give	hope	made	much	song	thank
bankrupt	brother	hope	lived	problem	see	voice
background	chorus	comma	half	melody	name	noticed	one	piano	riff	say	shine	sings	song	st	still	whats
disliked	dont	music	people	taste
classic	forever	heart	people	song	truly
hear	imitated	know	never	resonance	totally	unique	voice
gave	great	lyric	song	speak	team	wonderful
beautiful	clear	crystal	else	melancholy	one	recreate	remarkable	voice
casper	change	hear	heard	key	made	recorded	ride	ticket
best	dear	friend	nice	weekend	wish	wonderful
anyone	laugh	liking	make	song	thought
always	artist	beautifully	best	cant	fantastic	female	find	lyric	match	song	written
absolutely	devastating	loss	sends	shiver	singing	spine	still
affluence	disturbing	era	good	heart	made	masterpiece	necessary	richness	song	state	thing	valued	world
always	come	day	dont	excited	good	im	know	love	night	say	thats	thing	thought	want	work
ever	industry	loss	music	one	tragic	unique	voice
beautiful	bloody	drum	era	fantastic	heartfelt	lost	play	pretty	problem	recluse	sadly	say	soulful	unheard	voice	wanted
know	meta	realized	singing	something	song	think
age	birth	death	old	perception	sorrow	suffering
almost	apologize	came	charge	completely	discharged	got	phone	preserve	thank
around	aroundfurther	bankrupt	becomes	billion	billionslawyers	business	carlos	come	companypeter	concern	could	director	dollar	fallthat	friend	get	go	hindsking	holder	invest	managing	nothing	share	suicidewhat	zulusbarbados
age	god	great	height	left	prime	sad	singer	talented	young
anymore	beautiful	dont	like	make	singer	timeless	truly	voice	wonder
another	behind	clear	damn	effortless	ended	enjoy	good	karen	left	listening	lot	love	music	one	rip	sad	seemed	sing	soon	taken	voice	way	woman
able	arranged	brother	crafted	credit	enough	get	quieted	repackage	richard	shame	song	soon	think	voice	wonderfully
amazing	beautiful	sad	song	soul	still	time	touch
anymore	bad	childhood	good	music	song	there	thing
beautiful	bought	btw	carefully	curio	daughter	doll	dollar	find	googled	got	indeed	karachi	listened	loop	low	pakistan	part	preset	quality	real	rupee	singing	song	sound	word
close	feeling	five	happy	im	matter	second	song	tear
body	every	herlove	melodious	sings	song	sweeter	voice
act	allergy	beautiful	died	everytime	eye	hear	lose	man	song	start	voice	watering
asking	blacklane	bolt	boot	car	class	even	fresh	make	pie	sense	shove	singalong	steamer	thank	well
america	another	comment	nam	play	played	radio	sad	saw	song	still	video	viet
better	could	couldnt	depressed	done	everything	fixed	got	help	know	listen	nothing	sad	sadder	undo	wished
awakening	chopin	cried	ending	kate	last	listening	minute	monday	reading	sad	song	straight
good	latina	mixedrace	pretty	singer
child	house	incredible	like	shes	sound	track	wow
accent	although	come	dc	girl	lol	moan	southern	think
disco	dont	even	fresh	hear	house	often	show	sound	timeless
back	bell	concerning	end	fashionable	good	guess	hair	shape	time	wow
black	either	fantastic	first	girl	heard	mixed	race	singing	thought	voice	way
always	attempt	dead	declined	disco	july	lived	rapidly	revival	sad	short	totally
especially	feel	feeling	happier	itsliverpool	liverpool	love	low	making	much	track	tune
age	done	dream	gifted	lot	nice	people	tender	voice	well	wonder	young
age	anyone	business	could	couldnt	dance	hair	hairher	heart	know	mess	million	never	oh	people	popular	presence	retired	seen	show	showed	stage	thing	think	wasnt	wish
adorable	also	beyond	complexity	nuance	voice	year	yet
also	band	dont	due	enough	full	fully	got	great	hit	knew	know	lived	long	made	many	maybe	mostly	never	people	popular	problem	rated	really	say	see	stay	time	together	underappreciated	underrated	understand	year	yes
another	beautiful	beautythats	black	blow	call	channel	day	didnt	english	good	great	laugh	longer	never	nice	playing	real	song	stave	super	thing	though	tire	tony	windy	wish	wold	would
another	beatles	care	clearly	conversation	could	harmony	history	holly	level	match	one	part	regard	took	vocal
ahead	around	end	ever	go	guy	harbor	heard	hey	horn	instinctively	kind	laugh	look	looking	nash	noticed	often	ship	song	thing	think	towards	turn	wondered	yes
band	clapping	crazy	everyone	fantasize	going	guy	laugh	playing	song	told	would
always	anybody	beginning	came	else	familiar	first	following	heard	hearing	hey	holly	ive	know	love	melody	might	mile	mindsmemoriesears	one	parallel	see	seems	song	think	versa	vice	whispering	who	wondering	wrote
attention	course	good	heard	ive	never	paid	really
actually	attack	come	could	future	good	herbert	hitler	next	novel	predict	predicting	prediction	pretty	series	shape	soviet	start	thing	tried	union	well	went	would	wrong	wrote	wwii	year
band	commented	gas	great	heard	kid	love	never	register	sad	station	stopped	store	systemso	tune	wasshe	yesterdayand
bad	band	camera	deserved	dominates	equal	especially	face	instrument	lead	member	played	recognition	since	singer	video
agree	british	good	grew	invasion	like	matter	music	person
anyone	brilliant	come	compare	cooler	future	guy	may	music	soldier	tomorrow	without
already	biography	crossed	fan	im	like	making	mind	one	sureonly	tell	think	time	two	write
afraid	answer	cant	expert	give	guitarist	im	like	look	may	right	straight
always	anybody	beatles	cant	else	elvis	getting	greatinfluential	like	listening	love	many	old	really	saw	sounding	started	stopthey	themi	thingironically	tune	type
actually	admit	away	blown	embarrassed	first	listened	long	really	singing	time	took
audience	checked	could	doc	doesnt	dream	every	get	girl	heart	hypnotizes	make	might	need	put	race	seen	single	song	state	wish
anyone	back	birthapparently	died	dude	end	go	gospel	jesse	late	named	resemblence	seen	singer	striking	tomorrow	true	twin
best	elder	give	headache	honest	nowadays	old	song
agree	crap	elvis	gang	garbage	go	gon	gucci	im	king	know	let	like	magnificent	music	na	new	people	person	please	replace	right	rolex	rude	seriously	sound	think	today	wait
beach	dance	dream	get	hawaii	listen	na	partner	song	wan
best	know	selling	single	song	th	worldwide
always	born	circle	comment	dont	generation	jerk	kid	like	listen	listening	music	old	one	section	smart	theyre	thing	think	wrong	youtube
artist	century	come	guy	listening	mail	medal	one	recognizable	special	sure	th	want	wow
better	carefully	god	kind	listen	music	story	tell	thank	way
best	brought	ever	glad	guy	heart	king	life	lived	music	musician	still
charming	im	mother	much	must	naples	original	say	song	speak	think	tongue	version
age	alternative	basic	bold	come	compared	conclusion	currently	existent	experience	explicit	fossil	group	historic	however	id	illicit	isnt	listen	love	modern	much	music	never	non	others	past	people	point	pretty	profane	realise	taste
another	evoke	evolution	milestone	music	response	si	similar	still	sure	year
beautiful	creation	evergreen	love	melodious	much	music	romantic	song	sweet	thank	wonderful
dont	get	good	lyric	many	matter	repeated	song	time	tired
anymore	behind	broke	came	crazy	decide	dizzy	dont	everytime	excitement	exciting	fear	got	heart	im	ive	look	love	made	night	person	running	see	seen	star	stop	whats	yes
almost	change	feeling	gon	got	love	month	na	nothing	read	remember	strong	wuv
boyfriend	day	first	husband	last	loved	old	send	since	song	together	valentine	year
arent	bullshit	give	heart	life	love	materialistic	song	thats	today	true	whats	wheres	written	wrong
gave	know	love	one	person	really	romantic	song	thumb	time	want	wrong
anymore	appreciated	backup	change	dont	era	especially	ever	fool	going	great	incase	love	may	might	nothing	otherwise	plan	ready	sacred	song	still	thought	track	true	upload	via	without
afternoon	anyone	beach	breeze	california	cool	dress	faded	floaty	good	lady	late	levi	linen	refreshing	romantic	sand	shirt	suggestive	summer	think	walk	white
lady	love	much	say	song	true
fantastic	little	new	someone	song	version
day	gone	music	nothing	people	real	sing	today
brain	deserves	despecio	human	light	make	outbeats	something	swift	taylor	trillion	video	view	wonder	wrong	year
away	best	breath	certain	gave	held	hug	man	mind	omg	take	thinking	tight
back	fucking	getting	laid	like	looked	lot	mendes	much	mustve	shawn
change	crucifix	got	know	let	look	man	okay	shirt	three	time
certainly	focus	soft	sure	thats	without	would
especially	love	overplayed	perfect	song	wedding	whats
banger	believe	best	love	lovereal	matter	missing	whats	world	year
call	called	deserver	evergreen	got	happiest	life	moment	people	priceless	song	thats	thing	thousand
bad	believe	change	cry	feel	feelgod	going	love	make	nothing	someone	think
best	everytime	favorite	forever	hear	heart	love	one	question	radio	song	touch	wow
beautiful	born	era	feel	kid	like	lucky	make	music	nowadays	play	proud	really	song
bad	caught	change	detention	ever	gon	he	know	lol	na	never	nothing	since	sings	teacher	wonder	youll
attractive	boy	couldve	dude	feel	huge	like	movie	natural	pinup	romantic	screen	seemed	side	soft	star	teenage	typical
ago	allnothing	change	ever	feeling	gon	love	lovei	lovely	loving	married	na	say	song	still	truly	wife	year
add	ago	couple	didnt	find	honest	idea	innocence	kid	may	seems	sung	week	year
benson	better	called	classified	emotion	feeling	george	glen	good	great	hed	hit	one	overall	popstars	pretty	sang	song	still	tune	wonder
attention	create	heartit	inside	listening	live	love	snatched	song	taught	uncle
although	blue	budget	ever	front	ive	lol	lowest	music	probably	screen	seen	video
almost	downhill	go	guess	guy	handsomecute	harder	like	look	looked	middleaged	naturally	preserve	sad	shouldve	still	though	typical	wish	worked	young	youre
age	anymore	cant	day	like	music	whats	wrong
born	came	even	love	music	really	song	though	wasnt	yet
believe	blessed	brightens	cant	face	feel	first	god	hard	heart	im	ive	like	lost	love	may	melt	moon	much	na	never	send	song	star	stop	sweet	thank	think	thinking	thought	time	wait	walker	wan	way	world
complaining	first	go	good	guy	ill	listen	make	music	one	stop
day	kind	listening	love	make	music	real
best	chock	college	cool	curious	educator	emerge	era	full	great	hi	imho	mederios	mr	one	pop	prep	president	pretty	reinvent	romantic	school	song	went
behind	better	etc	gon	modern	much	music	na	song	take	think
actually	day	great	look	meant	music	something	video
cry	everytime	funny	girlfriend	great	hope	make	sad	song	time
find	innocent	kind	love	song	video
beat	classic	love	millennium	one	romantic	song	songi	timeexcellent
exactly	great	hear	innocent	right	say	simple	song	songeasy	want	woman
beautiful	country	currently	going	husband	im	meaningful	present	real	reduced	sent	song	tear	time	tough	who	word
like	live	love	quite	record	singing	sound
aint	amenthe	anymore	best	gon	loved	muchthank	na	one	peace	performancealways	say	scott	shine	sun	talentrest
background	definitely	live	music	performed	sure	vocal
awesome	limitlessly	parallel	reincarnated	universe	voice	want
another	beginning	cause	cockamame	come	dead	door	dream	idea	im	improvement	light	love	loving	lucky	make	mean	minute	move	one	really	rest	room	say	second	seeing	special	still	sure	true	tunnel	wait	way
good	group	hear	live	nice	sound	studio	version	well
better	brother	frankie	hear	mind	must	one	original	recollection	slow	song	think	valli	version	walker	yes
better	fast	four	horrible	much	one	season	think	version
apparently	came	hear	heard	love	loved	need	song	still	supernatural	thought
anymore	get	gon	looking	lose	man	na	one	son	way	wife
arm	come	downy	easily	even	fore	hair	interesting	mean	scott	see	technology	tendon	today	vein	vintage
along	appeared	association	brother	case	come	didnt	info	interested	jim	live	mary	one	original	realize	recording	showthanks	singing	smother	sophisticated	technology	thanks	tube	yester	youre
appearance	artist	backup	band	didnt	easy	engineer	even	frequently	get	making	need	needed	sound	studio	technique	track	used	werent	whenever
bass	cool	easy	echoed	emptinessits	excellent	four	going	great	innothing	like	line	losebut	lyric	miss	much	musically	one	piano	place	really	season	song	spectorish	start	stuff	there	win	youre
guy	made	nice	real	song	sound	theme	voice
aint	also	among	anymore	arent	aware	beatles	brother	charting	club	country	especially	fact	fan	girl	gon	high	hit	larger	lead	less	na	new	number	particularly	people	popularity	reached	said	scott	shine	successful	sun	teenage	uk	vocalist	walker	well
brother	december	frankie	justice	label	love	originally	recorded	released	single	smash	song	successful	valli	walker
day	end	great	keep	listening	powerful	song	time	timeless
beyond	eternal	idea	song	theme	time
away	else	father	got	listening	morning	nearly	passed	shine	smiling	somehow	sun	sure	thinking	track
agree	aint	alone	anymore	best	cant	company	favorite	funny	garbage	gon	good	itunes	made	marin	mr	music	na	none	one	put	shine	song	stand	sun	surname	today	trio	walker	wholeheartedly
america	american	band	britain	brother	due	famous	history	made	may	righteous	walker
alike	always	artistically	brother	confuse	deal	deserve	great	group	magnificently	masterpiece	much	outstanding	probably	reason	respect	righteous	song	sound	sung	unforgettable	walker	wow
aloud	apt	every	four	listening	listens	loving	second	sept	singing	three	trick
ever	gon	great	head	na	one	ring	shine	sun
ago	couple	day	era	every	fantastic	great	im	instrument	listen	lyric	missed	music	one	posting	ran	somehow	song	thanks	video	voice	week
doomsday	ever	favorite	knowing	love	one	song
clarity	depth	deteriorated	like	listen	male	music	sad	sound	timber	today	vocalist	voice	way
definitely	even	five	iti	like	loved	many	never	song	think	tire	today	top	year
bad	create	didnt	enjoy	forever	greatest	history	like	master	musical	one	piece	voice
break	crazy	drama	easy	meaning	real	song	take	voice
beautiful	day	dead	generation	get	gloriousforever	god	listen	music	musician	one	shared	wake
available	back	beautifully	classic	crafted	defining	equipment	era	given	great	haunting	many	moving	music	one	recording	song	sound	way
artist	fame	generation	like	lust	money	new	nobody	nowadays	sing	song	suck	today	touching	write
better	got	listened	million	perfect	song	time
additional	amazing	away	blow	correct	drummer	fantastic	format	headphone	hearing	hidden	kan	magnificent	mind	much	never	player	presenting	production	record	somewhere	stereo	thank	thru	try	uk
best	captured	daysun	diedbeam	download	era	music	one	scottie	shined	since	sound	yetthey
always	company	create	intelligible	orchestrai	overwhelmed	record	version	vocal	wish	would
awful	camera	clever	clip	considered	day	despite	great	irritating	microphone	obscuring	performance	perhaps	singer	song	work
brilliant	detract	difficult	elsewhere	good	imprinted	look	mind	really	seen	sound	tight	trouser	way	wish
beautiful	feeling	great	hear	heregreat	innocence	kind	life	little	love	original	pure	song	spirted	vocalsi
alltime	arrangement	better	compare	doesnt	every	favorite	get	harmony	hear	love	music	never	one	past	perfect	song	super	today	voice	way	youll
ballad	brilliant	engel	full	given	great	masculine	melancholy	mid	one	pop	scott	throttle
going	keeping	pretty	ricky	thank	watch
bass	bottom	home	like	miami	one	tell	well	whopper
back	bass	classic	early	era	florida	honestly	lock	many	mid	music	one	say	south	whole
agree	anything	ask	cookout	every	family	fit	gender	generation	greatest	hey	let	listen	much	muchm	one	party	play	race	seemed	situation	song	tell	thank	time	type	ya
beat	coincide	degrade	dis	downgrade	innovate	inspire	know	like	lost	made	motivate	music	na	need	purpose	sha	voice	want
called	felt	love	men	soft	told	try	woman
ago	bit	come	could	email	great	information	intended	little	lot	month	next	one	schedule	see	solely	week	would
age	classic	comment	dont	dumb	exactly	life	like	love	may	mean	much	others	say	song	tomorrow	twice	whatever
age	await	ball	dude	great	imagine	leo	less	listen	man	many	masterpiece	natural	passed	pop	radioi	song	talent	tart	today	wailing	would	written	young
amazing	enchanced	era	graphic	hd	music	real	really	simplistic	something	special	yet
end	happens	much	paint	pretty	wearing
amazing	came	cute	grandma	guy	listening	singer	smile	street	sweet	yes
amount	dog	included	lady	medium	people	powerful	seeing	singing	source	sweet	twitter	unbelievable	video
came	chihuahua	chihuahuajack	dog	ever	herman	intelligent	listening	lola	love	loving	malinda	mix	owned	rescue	russell	say	sensitive	singing	terrier
different	find	first	format	ive	prefer	seen	song	soothing	time	video
able	beautiful	beauty	bottom	delivered	great	heart	love	measure	message	much	never	song	today	tomorrow	twice	unfortunately	weight	word	youngster
advance	chorus	go	hard	httpsvocaroocomiscdswye	ive	like	melodica	month	remember	similar	something	song	start	thanks	there	trying	way
boyfriend	future	love	say	sing	song	tell	would
could	hear	love	man	sing	song	special	way	young
came	girl	girlfriend	happened	marry	new	real	scruffy	unattractive	wonder	zealand
another	around	bull	dance	day	epileptic	feel	guy	look	lot	music	noise	seized	today	way
car	clear	drive	good	late	night	relaxed	street	tune	vibe
california	car	desert	driving	golden	imagine	listening	moment	roadway	song	sunset	warm	would
dear	filmbut	like	permission	really	short	sir	song	use	want	youre
forget	give	leo	life	many	memorable	never	one	singer	singing	song
always	beautiful	boot	good	looking	love	music	talented	voice	well
broadcast	classic	early	era	get	huge	many	pop	radio	song	still	streaming
art	care	day	generation	good	music	part	signer	true	wish
bit	breath	came	every	gather	like	sound	take
another	cryam	guy	make	mean
else	gift	giving	go	keep	know	love	someone
cant	dance	dancing	friend	keep	mind	physically
another	elvis	guy	original	singer	song	thought
annoying	assume	certainly	dancing	feel	judging	leo	like	listenersviewers	love	make	sayer	video
crazy	eye	fell	full	insane	like	loud	singing	sometime	song	sorrow	tear	unsaid
action	afro	apparent	background	bizarre	bob	entire	hot	im	painting	reason	ross	seriously	throughout	video	would
brought	daddy	dated	film	havent	herethis	home	instrumental	song	sweet	thought	vintage	yeah	yearsc
adult	arranging	away	complete	couple	dozen	golden	later	made	melody	message	oldie	one	orchestration	outstanding	pull	simple	song	standard
countrify	course	day	may	never	nice	one	song	version
beautiful	could	dislike	dont	hit	home	right	someone	song	understand
beautiful	better	device	digital	excellent	far	lyric	modern	music	produce	real	rely	singer	singing	version	voice
art	class	family	fan	future	good	happiness	health	legenda	life	light	love	luck	much	music	nice	profmusical	real	softrocksing	thankyou	time	young
accepting	age	big	come	currently	date	dude	every	girl	guy	ha	hair	im	international	mean	pink	pretty	range	sing	suit	want	would
cutting	gift	giving	like	making	picture
absolutely	alltime	favorite	hearing	love	never	one	songand	tire
cup	extremely	heart	isnt	like	melting	one	really	song	tea
around	boyfriend	brother	doormat	favorite	gon	good	im	let	like	look	love	na	one	really	safe	song	sort	tell	though	use
care	clown	funny	guy	hospital	kid	least	leo	nice	nonetheless	others	people	really	sick	singing	started	thats	think	would
dont	going	got	himwould	knowbut	opening	painter	richard	simmons	softly	speaks	suggest	thathes	thing	videoseeing	wellor
afraid	beautiful	feel	love	really	sad	someone	song	tell
age	come	dear	friend	glad	important	like	music	song	think	time
